model,domain,lead_day,metric,mean,ci_lower,ci_upper,n_initializations,bootstrap_reps,block_days,seed_base,lead_seed
CNN,pan_arctic,1,rmse,0.0255631886462251,0.0232430422753106,0.0273161655554884,282,5000,7,20260816,20260817
CNN,pan_arctic,2,rmse,0.0367519206051943,0.0338741048819946,0.038583958201942,282,5000,7,20260816,20260818
CNN,pan_arctic,3,rmse,0.0446986313457252,0.0413449295395789,0.0467139981176626,282,5000,7,20260816,20260819
CNN,pan_arctic,4,rmse,0.0510163511339919,0.0473533070693131,0.0531576372508315,282,5000,7,20260816,20260820
CNN,pan_arctic,5,rmse,0.0563666920786793,0.0524061356517094,0.058676487272632,282,5000,7,20260816,20260821
CNN,pan_arctic,6,rmse,0.0611490017900261,0.0568747985518504,0.063560425142066,282,5000,7,20260816,20260822
CNN,pan_arctic,7,rmse,0.0654539406157812,0.0610490751434758,0.0676951597578216,282,5000,7,20260816,20260823
CNN,pan_arctic,8,rmse,0.0694544314416523,0.0648405036012662,0.0717462115587844,282,5000,7,20260816,20260824
CNN,pan_arctic,9,rmse,0.0732087507587515,0.068231342790289,0.0755557011830038,282,5000,7,20260816,20260825
CNN,pan_arctic,10,rmse,0.0766504267781325,0.0714407869729434,0.0793604459715969,282,5000,7,20260816,20260826
CNN,pan_arctic,11,rmse,0.0797641499501164,0.0745207592913289,0.0825105578844893,282,5000,7,20260816,20260827
CNN,pan_arctic,12,rmse,0.0825247905725311,0.0770722419547138,0.0860848073073385,282,5000,7,20260816,20260828
CNN,pan_arctic,13,rmse,0.0852278992529662,0.0794365964191569,0.0892317240865596,282,5000,7,20260816,20260829
CNN,pan_arctic,14,rmse,0.0878131661748418,0.0817671584316978,0.0924737014703886,282,5000,7,20260816,20260830
CNN,pan_arctic,15,rmse,0.0903375403743042,0.0838542473714127,0.0955531591179349,282,5000,7,20260816,20260831
CNN,pan_arctic,16,rmse,0.0928010455952722,0.0860986614349367,0.0981155920945722,282,5000,7,20260816,20260832
CNN,pan_arctic,17,rmse,0.0951974112014761,0.0882200763515873,0.1007701594754256,282,5000,7,20260816,20260833
CNN,pan_arctic,18,rmse,0.0975752400835173,0.0903702528329628,0.1034801303550463,282,5000,7,20260816,20260834
CNN,pan_arctic,19,rmse,0.0999942803833233,0.0924861920881882,0.1059285664130461,282,5000,7,20260816,20260835
CNN,pan_arctic,20,rmse,0.1024915870805679,0.0945331362978339,0.1086262265353227,282,5000,7,20260816,20260836
CNN,pan_arctic,21,rmse,0.1049707803285978,0.0966679518944557,0.1115428580940157,282,5000,7,20260816,20260837
CNN,pan_arctic,22,rmse,0.1075642303887199,0.098900358201549,0.1141296447658992,282,5000,7,20260816,20260838
CNN,pan_arctic,23,rmse,0.110070590628543,0.1008564852536958,0.1171141892809616,282,5000,7,20260816,20260839
CNN,pan_arctic,24,rmse,0.1125690736787966,0.1028281483842067,0.1193812384456746,282,5000,7,20260816,20260840
CNN,pan_arctic,25,rmse,0.1150540619555894,0.1050623750558484,0.1223054103516995,282,5000,7,20260816,20260841
CNN,pan_arctic,26,rmse,0.117514502306941,0.1070612693106158,0.1250381139165401,282,5000,7,20260816,20260842
CNN,pan_arctic,27,rmse,0.1199354741126419,0.1092538198367788,0.1275942009296859,282,5000,7,20260816,20260843
CNN,pan_arctic,28,rmse,0.1223661888905731,0.1111355115914302,0.1302238407082223,282,5000,7,20260816,20260844
CNN,pan_arctic,29,rmse,0.1248612075929059,0.1131025722067793,0.1331669547418661,282,5000,7,20260816,20260845
CNN,pan_arctic,30,rmse,0.127442561407628,0.1152443405456091,0.1361376090812597,282,5000,7,20260816,20260846
CNN,combined_nsr,1,rmse,0.0229062525021995,0.019914039123019,0.0250876433461642,282,5000,7,20260816,20260817
CNN,combined_nsr,2,rmse,0.0340767065116233,0.0299684443412325,0.0368576185269573,282,5000,7,20260816,20260818
CNN,combined_nsr,3,rmse,0.0425465849424238,0.0375910821530452,0.0458036560377483,282,5000,7,20260816,20260819
CNN,combined_nsr,4,rmse,0.0496420347423416,0.0438145238531636,0.0532464010813054,282,5000,7,20260816,20260820
CNN,combined_nsr,5,rmse,0.0557776891591792,0.0492325165240762,0.0597920501168969,282,5000,7,20260816,20260821
CNN,combined_nsr,6,rmse,0.06128025961469,0.0540282661201056,0.0656008161099073,282,5000,7,20260816,20260822
CNN,combined_nsr,7,rmse,0.0662546085470117,0.0586325812901623,0.0704793670712523,282,5000,7,20260816,20260823
CNN,combined_nsr,8,rmse,0.0709119548381941,0.0631466278432795,0.0749978230084161,282,5000,7,20260816,20260824
CNN,combined_nsr,9,rmse,0.0751223328698992,0.0667086877791884,0.0791943196792174,282,5000,7,20260816,20260825
CNN,combined_nsr,10,rmse,0.0789625429128789,0.0702280926716426,0.0831112066472809,282,5000,7,20260816,20260826
CNN,combined_nsr,11,rmse,0.0823750729696549,0.0738007829212498,0.0867364221573512,282,5000,7,20260816,20260827
CNN,combined_nsr,12,rmse,0.0854619326006182,0.0765614616468408,0.090225676491444,282,5000,7,20260816,20260828
CNN,combined_nsr,13,rmse,0.0883437634297532,0.0795202700990126,0.093305467784056,282,5000,7,20260816,20260829
CNN,combined_nsr,14,rmse,0.0910922740597574,0.0819499388192754,0.0968289199916301,282,5000,7,20260816,20260830
CNN,combined_nsr,15,rmse,0.0937893438842653,0.0841703411379928,0.0999309223270029,282,5000,7,20260816,20260831
CNN,combined_nsr,16,rmse,0.0964200566430424,0.0867356422262161,0.1026260470783241,282,5000,7,20260816,20260832
CNN,combined_nsr,17,rmse,0.0990146551008719,0.0891699623367894,0.1051899683897808,282,5000,7,20260816,20260833
CNN,combined_nsr,18,rmse,0.1016697524102261,0.0914780428368566,0.1080134569907165,282,5000,7,20260816,20260834
CNN,combined_nsr,19,rmse,0.1043888053137488,0.0936119546914864,0.1106915316951122,282,5000,7,20260816,20260835
CNN,combined_nsr,20,rmse,0.1072109574512333,0.0958830355145023,0.113635382459735,282,5000,7,20260816,20260836
CNN,combined_nsr,21,rmse,0.1099909667152897,0.0981908379942732,0.1167183891399017,282,5000,7,20260816,20260837
CNN,combined_nsr,22,rmse,0.1128562249437676,0.10057277339709,0.1193532705369876,282,5000,7,20260816,20260838
CNN,combined_nsr,23,rmse,0.115613766645517,0.1029040050509198,0.1224523344179613,282,5000,7,20260816,20260839
CNN,combined_nsr,24,rmse,0.118316329209705,0.1047204111377456,0.1245557069387042,282,5000,7,20260816,20260840
CNN,combined_nsr,25,rmse,0.1210577828706039,0.1071050984549299,0.1280117122817828,282,5000,7,20260816,20260841
CNN,combined_nsr,26,rmse,0.1238938004846231,0.1090202875868542,0.1310211343806531,282,5000,7,20260816,20260842
CNN,combined_nsr,27,rmse,0.126721026041738,0.1113763806509528,0.1344296045603586,282,5000,7,20260816,20260843
CNN,combined_nsr,28,rmse,0.1296963310367513,0.1135688015555432,0.1378413334816227,282,5000,7,20260816,20260844
CNN,combined_nsr,29,rmse,0.1327631419599501,0.1160339158811556,0.1416874169333303,282,5000,7,20260816,20260845
CNN,combined_nsr,30,rmse,0.1361003736293806,0.1185983260700714,0.1459347746574515,282,5000,7,20260816,20260846
CNN,barents,1,rmse,0.010689511992977,0.0071235011071025,0.0133116311286812,282,5000,7,20260816,20260817
CNN,barents,2,rmse,0.0154650980175024,0.0102700590459503,0.0195988814407909,282,5000,7,20260816,20260818
CNN,barents,3,rmse,0.0195181043506631,0.0131508250759458,0.0247765715995406,282,5000,7,20260816,20260819
CNN,barents,4,rmse,0.0231981027502196,0.0155622080337198,0.0296476272468154,282,5000,7,20260816,20260820
CNN,barents,5,rmse,0.0264407161348416,0.0172146743637394,0.0343165953354705,282,5000,7,20260816,20260821
CNN,barents,6,rmse,0.0293891135285138,0.0193741407748791,0.0380657188162788,282,5000,7,20260816,20260822
CNN,barents,7,rmse,0.031880668680828,0.0204933561136001,0.0417155953339205,282,5000,7,20260816,20260823
CNN,barents,8,rmse,0.0339445656020264,0.0218751404589694,0.0447391229061712,282,5000,7,20260816,20260824
CNN,barents,9,rmse,0.0357164737662716,0.0230107656308618,0.0476792803412715,282,5000,7,20260816,20260825
CNN,barents,10,rmse,0.0371250842985785,0.0234627625191859,0.0509250027984061,282,5000,7,20260816,20260826
CNN,barents,11,rmse,0.0383571189751165,0.0237907817965083,0.0529416771912426,282,5000,7,20260816,20260827
CNN,barents,12,rmse,0.0393518347549437,0.024138789904611,0.0546527004073506,282,5000,7,20260816,20260828
CNN,barents,13,rmse,0.0406350185742653,0.0248657743985155,0.0571419851083498,282,5000,7,20260816,20260829
CNN,barents,14,rmse,0.0419849136875797,0.0255725244778397,0.0592238139541043,282,5000,7,20260816,20260830
CNN,barents,15,rmse,0.0433652664529689,0.0260783990339683,0.0622504833088927,282,5000,7,20260816,20260831
CNN,barents,16,rmse,0.044759317012445,0.0270538727207237,0.0644656388890586,282,5000,7,20260816,20260832
CNN,barents,17,rmse,0.0462026088623046,0.0276819390936067,0.0685723239625942,282,5000,7,20260816,20260833
CNN,barents,18,rmse,0.047703198872517,0.0285398932019342,0.0699653316337293,282,5000,7,20260816,20260834
CNN,barents,19,rmse,0.0490132362070468,0.0287790305697062,0.0709589228095813,282,5000,7,20260816,20260835
CNN,barents,20,rmse,0.0501901740059977,0.0296739157965071,0.0739295034838842,282,5000,7,20260816,20260836
CNN,barents,21,rmse,0.0512879561918302,0.030312942338843,0.0736103319963988,282,5000,7,20260816,20260837
CNN,barents,22,rmse,0.0522737369813812,0.0311211783999043,0.0756073188202162,282,5000,7,20260816,20260838
CNN,barents,23,rmse,0.053104527638887,0.0316193933660067,0.0764545868922061,282,5000,7,20260816,20260839
CNN,barents,24,rmse,0.0539390033496337,0.0317141426396195,0.0776046781955153,282,5000,7,20260816,20260840
CNN,barents,25,rmse,0.0547623749803129,0.0325098705897636,0.0788260080857415,282,5000,7,20260816,20260841
CNN,barents,26,rmse,0.0554001192222825,0.0323588175099479,0.0795774396766339,282,5000,7,20260816,20260842
CNN,barents,27,rmse,0.0560955360916867,0.0326421921903917,0.0797711924713867,282,5000,7,20260816,20260843
CNN,barents,28,rmse,0.0567466970083979,0.0332950880768741,0.0804119390749329,282,5000,7,20260816,20260844
CNN,barents,29,rmse,0.0574320701401578,0.0335727852726037,0.0800478231069542,282,5000,7,20260816,20260845
CNN,barents,30,rmse,0.0580211023862352,0.0338873314687237,0.0809202478823492,282,5000,7,20260816,20260846
CNN,kara,1,rmse,0.0226535911398527,0.0162099979850072,0.0271170588807596,282,5000,7,20260816,20260817
CNN,kara,2,rmse,0.0329992239551676,0.0236075932387266,0.0392691457626953,282,5000,7,20260816,20260818
CNN,kara,3,rmse,0.0414530519288057,0.029941680731793,0.0490107545984068,282,5000,7,20260816,20260819
CNN,kara,4,rmse,0.0487220262597601,0.0355495287727342,0.0572513318924754,282,5000,7,20260816,20260820
CNN,kara,5,rmse,0.0551657878942716,0.0400185183906949,0.0641119260717066,282,5000,7,20260816,20260821
CNN,kara,6,rmse,0.0612625691323521,0.0456857864743651,0.0706260075187479,282,5000,7,20260816,20260822
CNN,kara,7,rmse,0.0666068950986372,0.0492346808937007,0.0762957463549191,282,5000,7,20260816,20260823
CNN,kara,8,rmse,0.0714979935241753,0.0537279696016365,0.0810643971850999,282,5000,7,20260816,20260824
CNN,kara,9,rmse,0.0757560013716768,0.057683978163316,0.0852609288464353,282,5000,7,20260816,20260825
CNN,kara,10,rmse,0.0792759370157721,0.0607389836931782,0.089244137378467,282,5000,7,20260816,20260826
CNN,kara,11,rmse,0.082187923178652,0.063890841715582,0.0925429979496679,282,5000,7,20260816,20260827
CNN,kara,12,rmse,0.0848129470401877,0.0660445439722073,0.0957087045188337,282,5000,7,20260816,20260828
CNN,kara,13,rmse,0.087420128375131,0.0678699769840263,0.0983335580877704,282,5000,7,20260816,20260829
CNN,kara,14,rmse,0.0899689343879232,0.0711640609270407,0.1007254005281184,282,5000,7,20260816,20260830
CNN,kara,15,rmse,0.0924181157363839,0.0736764466832108,0.1033099991894878,282,5000,7,20260816,20260831
CNN,kara,16,rmse,0.0947036575995147,0.0761423173531,0.1054024938743632,282,5000,7,20260816,20260832
CNN,kara,17,rmse,0.0967316285614803,0.078371238753739,0.1070857218580834,282,5000,7,20260816,20260833
CNN,kara,18,rmse,0.0987156714699431,0.0805825505710346,0.1088133534044348,282,5000,7,20260816,20260834
CNN,kara,19,rmse,0.1004919142979962,0.082866314277217,0.1094516520459069,282,5000,7,20260816,20260835
CNN,kara,20,rmse,0.102458517773024,0.0846595858009157,0.1112748615117005,282,5000,7,20260816,20260836
CNN,kara,21,rmse,0.1046470552274781,0.0871431234876338,0.1129901732119921,282,5000,7,20260816,20260837
CNN,kara,22,rmse,0.1068659114729315,0.0884178015156947,0.1147079958787734,282,5000,7,20260816,20260838
CNN,kara,23,rmse,0.1091589873086934,0.0909649657987441,0.1168383293051797,282,5000,7,20260816,20260839
CNN,kara,24,rmse,0.1114958803157915,0.0924877707192432,0.1184674725624942,282,5000,7,20260816,20260840
CNN,kara,25,rmse,0.1138146601432237,0.0942399900568802,0.1218944792476856,282,5000,7,20260816,20260841
CNN,kara,26,rmse,0.1158743784174655,0.0949433341047343,0.1254470887296053,282,5000,7,20260816,20260842
CNN,kara,27,rmse,0.1181377619248582,0.096076572486163,0.1283623493057423,282,5000,7,20260816,20260843
CNN,kara,28,rmse,0.1203546533311314,0.0977370348953621,0.1326324794524032,282,5000,7,20260816,20260844
CNN,kara,29,rmse,0.1224910038489041,0.0991783298228243,0.1362278122805426,282,5000,7,20260816,20260845
CNN,kara,30,rmse,0.1246720667636947,0.0999576266738838,0.1403474571084668,282,5000,7,20260816,20260846
CNN,laptev,1,rmse,0.0267086120832305,0.021662682437364,0.0307970583519445,282,5000,7,20260816,20260817
CNN,laptev,2,rmse,0.0403057823819965,0.0324552725873481,0.0457379093593689,282,5000,7,20260816,20260818
CNN,laptev,3,rmse,0.0506814757688358,0.0409493015260121,0.0570044398099957,282,5000,7,20260816,20260819
CNN,laptev,4,rmse,0.0593276483492195,0.0477160919589872,0.0669569534774863,282,5000,7,20260816,20260820
CNN,laptev,5,rmse,0.0668657472295088,0.0535896510510648,0.0756552929048413,282,5000,7,20260816,20260821
CNN,laptev,6,rmse,0.0736135082619607,0.0584194980704229,0.0832352647406443,282,5000,7,20260816,20260822
CNN,laptev,7,rmse,0.0798671934635652,0.0638716033425847,0.0900118616983273,282,5000,7,20260816,20260823
CNN,laptev,8,rmse,0.0856964082409576,0.0690552130140254,0.0961436486633791,282,5000,7,20260816,20260824
CNN,laptev,9,rmse,0.0907477792875475,0.0738310875990567,0.1020695655299129,282,5000,7,20260816,20260825
CNN,laptev,10,rmse,0.0953901787044392,0.0778677346071929,0.1080252634916182,282,5000,7,20260816,20260826
CNN,laptev,11,rmse,0.0996803158244317,0.082739777723015,0.1133992599005523,282,5000,7,20260816,20260827
CNN,laptev,12,rmse,0.10413398504265,0.0877633904643016,0.1183335640680446,282,5000,7,20260816,20260828
CNN,laptev,13,rmse,0.1079549827974482,0.0922616987984354,0.1234105163529887,282,5000,7,20260816,20260829
CNN,laptev,14,rmse,0.1121019116499608,0.096173701787863,0.129345419560319,282,5000,7,20260816,20260830
CNN,laptev,15,rmse,0.1164867653555303,0.1004860674378168,0.1352704788880457,282,5000,7,20260816,20260831
CNN,laptev,16,rmse,0.121073638144898,0.104869952221206,0.1401271912546374,282,5000,7,20260816,20260832
CNN,laptev,17,rmse,0.125620818038348,0.1093873174914552,0.1449987247540444,282,5000,7,20260816,20260833
CNN,laptev,18,rmse,0.1301853223905082,0.1134932361668852,0.150509531677655,282,5000,7,20260816,20260834
CNN,laptev,19,rmse,0.1350946476704172,0.1180196541807257,0.154986688658023,282,5000,7,20260816,20260835
CNN,laptev,20,rmse,0.1403736518821715,0.1229851263457535,0.1605433124869065,282,5000,7,20260816,20260836
CNN,laptev,21,rmse,0.1456962502721376,0.1282691065953339,0.1653219560582645,282,5000,7,20260816,20260837
CNN,laptev,22,rmse,0.1510037378501154,0.13324301058125,0.1700312383316939,282,5000,7,20260816,20260838
CNN,laptev,23,rmse,0.1563610651809958,0.1381596224012105,0.1752181474966308,282,5000,7,20260816,20260839
CNN,laptev,24,rmse,0.1615310356838845,0.1420775845643107,0.1793155738403771,282,5000,7,20260816,20260840
CNN,laptev,25,rmse,0.1665567334744618,0.1460860490224184,0.1842704783369685,282,5000,7,20260816,20260841
CNN,laptev,26,rmse,0.1720331729942224,0.1509051656899076,0.1895077610088701,282,5000,7,20260816,20260842
CNN,laptev,27,rmse,0.1774120795654795,0.1552875839150748,0.1938349096462721,282,5000,7,20260816,20260843
CNN,laptev,28,rmse,0.1826214261127844,0.1590541038430495,0.1997843894343794,282,5000,7,20260816,20260844
CNN,laptev,29,rmse,0.1878052821429714,0.1643169189195857,0.2058720223613572,282,5000,7,20260816,20260845
CNN,laptev,30,rmse,0.1931230203814084,0.168849231715552,0.212487318139747,282,5000,7,20260816,20260846
CNN,east_siberian,1,rmse,0.0267372454537099,0.0219260227903021,0.031307295865493,282,5000,7,20260816,20260817
CNN,east_siberian,2,rmse,0.0405637224216745,0.0332681083023049,0.0477330346417471,282,5000,7,20260816,20260818
CNN,east_siberian,3,rmse,0.0505194541601409,0.0412498804071753,0.0598813552080873,282,5000,7,20260816,20260819
CNN,east_siberian,4,rmse,0.0585963764174055,0.0472377382873903,0.0689066680732092,282,5000,7,20260816,20260820
CNN,east_siberian,5,rmse,0.0653910613894799,0.0527222034258015,0.0766384832043405,282,5000,7,20260816,20260821
CNN,east_siberian,6,rmse,0.0712376902031548,0.057216160915953,0.0830957276782605,282,5000,7,20260816,20260822
CNN,east_siberian,7,rmse,0.0763033940535848,0.0619908578107799,0.0887411726892184,282,5000,7,20260816,20260823
CNN,east_siberian,8,rmse,0.0810299079059493,0.065951730838142,0.094237076377032,282,5000,7,20260816,20260824
CNN,east_siberian,9,rmse,0.0856622020887465,0.0693829929921165,0.0996290085176796,282,5000,7,20260816,20260825
CNN,east_siberian,10,rmse,0.0900600857579431,0.0722917837443203,0.1047428899648624,282,5000,7,20260816,20260826
CNN,east_siberian,11,rmse,0.0940468029324646,0.0756443844358568,0.1097990423432384,282,5000,7,20260816,20260827
CNN,east_siberian,12,rmse,0.0975606290550809,0.0778596763637667,0.1146784836950633,282,5000,7,20260816,20260828
CNN,east_siberian,13,rmse,0.1007148688531341,0.0806013447766282,0.1194846684138176,282,5000,7,20260816,20260829
CNN,east_siberian,14,rmse,0.1034656796307409,0.0822680380560677,0.1236520238241662,282,5000,7,20260816,20260830
CNN,east_siberian,15,rmse,0.10608469419296,0.0837004588286109,0.1269646330847247,282,5000,7,20260816,20260831
CNN,east_siberian,16,rmse,0.1085034242798662,0.0853733438526831,0.1293635263034319,282,5000,7,20260816,20260832
CNN,east_siberian,17,rmse,0.1110330797513043,0.0873394031381589,0.1328828049139559,282,5000,7,20260816,20260833
CNN,east_siberian,18,rmse,0.1138170909530828,0.089295181315019,0.1355893093444156,282,5000,7,20260816,20260834
CNN,east_siberian,19,rmse,0.1168623095785838,0.0909781713990726,0.1390537815264711,282,5000,7,20260816,20260835
CNN,east_siberian,20,rmse,0.1199925777917106,0.0928927755476798,0.1422179214663598,282,5000,7,20260816,20260836
CNN,east_siberian,21,rmse,0.1229115578279679,0.0947528251318746,0.1460778287684224,282,5000,7,20260816,20260837
CNN,east_siberian,22,rmse,0.125954866409585,0.0964816069668756,0.1494624153660421,282,5000,7,20260816,20260838
CNN,east_siberian,23,rmse,0.128803455182182,0.0985349594476139,0.1528438057987865,282,5000,7,20260816,20260839
CNN,east_siberian,24,rmse,0.1316106946569314,0.0997887380901814,0.1558622115636423,282,5000,7,20260816,20260840
CNN,east_siberian,25,rmse,0.1346364004885177,0.1018967125633102,0.1590763805582859,282,5000,7,20260816,20260841
CNN,east_siberian,26,rmse,0.1380436237408021,0.1044186673083471,0.1631387059807612,282,5000,7,20260816,20260842
CNN,east_siberian,27,rmse,0.1414034391572135,0.1063909113291264,0.1680323319908853,282,5000,7,20260816,20260843
CNN,east_siberian,28,rmse,0.1452558916516471,0.1089614612265275,0.1713675878958241,282,5000,7,20260816,20260844
CNN,east_siberian,29,rmse,0.1494734080260983,0.1125250193163865,0.1772065761904192,282,5000,7,20260816,20260845
CNN,east_siberian,30,rmse,0.15429087781018,0.1155099028949697,0.1832065674216739,282,5000,7,20260816,20260846
CNN,chukchi,1,rmse,0.0216558253380434,0.0163954593290828,0.0254299890307598,282,5000,7,20260816,20260817
CNN,chukchi,2,rmse,0.0321091225435321,0.0233663744620896,0.0385199211295334,282,5000,7,20260816,20260818
CNN,chukchi,3,rmse,0.0394076707856882,0.0282234547928376,0.0477569353354012,282,5000,7,20260816,20260819
CNN,chukchi,4,rmse,0.0454728925860495,0.031917844048138,0.0559572137873111,282,5000,7,20260816,20260820
CNN,chukchi,5,rmse,0.0508628235163253,0.035517269853171,0.0630942076614921,282,5000,7,20260816,20260821
CNN,chukchi,6,rmse,0.0557669636186635,0.0385961679545142,0.0696887009440961,282,5000,7,20260816,20260822
CNN,chukchi,7,rmse,0.0605879074122985,0.0417716972858582,0.0760374488848278,282,5000,7,20260816,20260823
CNN,chukchi,8,rmse,0.0654746726094782,0.0447680145522142,0.0825812573320751,282,5000,7,20260816,20260824
CNN,chukchi,9,rmse,0.0699123903739901,0.0467871478853304,0.0878860784822008,282,5000,7,20260816,20260825
CNN,chukchi,10,rmse,0.0742510428959744,0.0495735732199947,0.0950331079150963,282,5000,7,20260816,20260826
CNN,chukchi,11,rmse,0.0782263072252623,0.0515274635814469,0.0998565314546882,282,5000,7,20260816,20260827
CNN,chukchi,12,rmse,0.0816277077007693,0.0540980798477687,0.1067375833793381,282,5000,7,20260816,20260828
CNN,chukchi,13,rmse,0.084579558237596,0.0555475538015671,0.1097429648485228,282,5000,7,20260816,20260829
CNN,chukchi,14,rmse,0.0871726183017209,0.0574240705842106,0.1143422542049674,282,5000,7,20260816,20260830
CNN,chukchi,15,rmse,0.0896580526258795,0.0584073322038965,0.1175558709084383,282,5000,7,20260816,20260831
CNN,chukchi,16,rmse,0.0920835419699486,0.0612138926798653,0.1200048102027398,282,5000,7,20260816,20260832
CNN,chukchi,17,rmse,0.0944717845205789,0.0621570450832324,0.1229791787265063,282,5000,7,20260816,20260833
CNN,chukchi,18,rmse,0.09687522189743,0.065971071179657,0.1249493104243618,282,5000,7,20260816,20260834
CNN,chukchi,19,rmse,0.0994094532091663,0.068436001744964,0.1270430728038347,282,5000,7,20260816,20260835
CNN,chukchi,20,rmse,0.1018448055124311,0.0707279724222827,0.1286047653671669,282,5000,7,20260816,20260836
CNN,chukchi,21,rmse,0.1040917227644327,0.0729535273137328,0.1305080671901431,282,5000,7,20260816,20260837
CNN,chukchi,22,rmse,0.1065172782229626,0.0757391653245641,0.1320336228926858,282,5000,7,20260816,20260838
CNN,chukchi,23,rmse,0.1087259647501474,0.0768866991024042,0.133717495220255,282,5000,7,20260816,20260839
CNN,chukchi,24,rmse,0.1108156469156386,0.0779113588880159,0.1352248948746982,282,5000,7,20260816,20260840
CNN,chukchi,25,rmse,0.1130647146820003,0.0812350574540366,0.1373457526536286,282,5000,7,20260816,20260841
CNN,chukchi,26,rmse,0.1147890458966062,0.0828451530070463,0.1390577361628184,282,5000,7,20260816,20260842
CNN,chukchi,27,rmse,0.1164870980489094,0.0839336775158358,0.1410822642158873,282,5000,7,20260816,20260843
CNN,chukchi,28,rmse,0.1184716907220373,0.0846756286914264,0.1436490528734105,282,5000,7,20260816,20260844
CNN,chukchi,29,rmse,0.1204030628974664,0.0873128697148201,0.1451986382658174,282,5000,7,20260816,20260845
CNN,chukchi,30,rmse,0.1226562253073779,0.0890540941734542,0.1465496186858719,282,5000,7,20260816,20260846
CNN,pan_arctic,1,r,0.9969473212722216,0.9965849725995632,0.9973621798967228,282,5000,7,20260816,20260817
CNN,pan_arctic,2,r,0.9938897446959286,0.9933646889558156,0.9945965883258056,282,5000,7,20260816,20260818
CNN,pan_arctic,3,r,0.991067363468628,0.9903543351822728,0.9920269168399654,282,5000,7,20260816,20260819
CNN,pan_arctic,4,r,0.988441430911858,0.9876261397697124,0.9896018286764724,282,5000,7,20260816,20260820
CNN,pan_arctic,5,r,0.9859651890588548,0.9850343454238212,0.9873162054695064,282,5000,7,20260816,20260821
CNN,pan_arctic,6,r,0.9835561644735644,0.9825189617280524,0.9851096763907886,282,5000,7,20260816,20260822
CNN,pan_arctic,7,r,0.9812031583945456,0.9800941194402656,0.982910095051164,282,5000,7,20260816,20260823
CNN,pan_arctic,8,r,0.9788808239283832,0.9777429686752508,0.9808350029184336,282,5000,7,20260816,20260824
CNN,pan_arctic,9,r,0.9766096448693284,0.975389657202646,0.978814256363372,282,5000,7,20260816,20260825
CNN,pan_arctic,10,r,0.9744087808752874,0.973013907480497,0.9769350836827796,282,5000,7,20260816,20260826
CNN,pan_arctic,11,r,0.972308415744652,0.9705846846018252,0.9751005691077664,282,5000,7,20260816,20260827
CNN,pan_arctic,12,r,0.9703341310639628,0.9682316948868208,0.9733547515899228,282,5000,7,20260816,20260828
CNN,pan_arctic,13,r,0.9684625953602956,0.9659186901097996,0.9719107082476746,282,5000,7,20260816,20260829
CNN,pan_arctic,14,r,0.9666458338369172,0.9636610079813968,0.9704340750301752,282,5000,7,20260816,20260830
CNN,pan_arctic,15,r,0.9648381621257824,0.9614801494505568,0.9690985903794817,282,5000,7,20260816,20260831
CNN,pan_arctic,16,r,0.963046629541832,0.9592801045508046,0.9675906681522284,282,5000,7,20260816,20260832
CNN,pan_arctic,17,r,0.961297965150394,0.95736703482762,0.9661824081116586,282,5000,7,20260816,20260833
CNN,pan_arctic,18,r,0.9595415623617186,0.9551919417626616,0.9647094204879456,282,5000,7,20260816,20260834
CNN,pan_arctic,19,r,0.957736861962704,0.953266555800912,0.9632130969498586,282,5000,7,20260816,20260835
CNN,pan_arctic,20,r,0.9558371175905832,0.9512051519734334,0.9616977445553836,282,5000,7,20260816,20260836
CNN,pan_arctic,21,r,0.9539126983344692,0.9489355186153404,0.960206974940484,282,5000,7,20260816,20260837
CNN,pan_arctic,22,r,0.951903725189656,0.9468094552119446,0.9588299077217932,282,5000,7,20260816,20260838
CNN,pan_arctic,23,r,0.9499514995915396,0.9445044992316952,0.957614492399308,282,5000,7,20260816,20260839
CNN,pan_arctic,24,r,0.9479927721098328,0.9423080357762738,0.95621186076325,282,5000,7,20260816,20260840
CNN,pan_arctic,25,r,0.9460454406565566,0.9400489391462749,0.955004947253933,282,5000,7,20260816,20260841
CNN,pan_arctic,26,r,0.9441579456840172,0.9378268476759744,0.9536336779624738,282,5000,7,20260816,20260842
CNN,pan_arctic,27,r,0.94228740711764,0.9355134476841792,0.9521058391183104,282,5000,7,20260816,20260843
CNN,pan_arctic,28,r,0.940372818163648,0.9330839784772084,0.9507447472714504,282,5000,7,20260816,20260844
CNN,pan_arctic,29,r,0.9383974802176864,0.9307503484220144,0.9491634834934016,282,5000,7,20260816,20260845
CNN,pan_arctic,30,r,0.9363361690969768,0.9281064704329174,0.9475165385028488,282,5000,7,20260816,20260846
CNN,combined_nsr,1,r,0.9956668606982552,0.9952069558149752,0.9962360548951746,282,5000,7,20260816,20260817
CNN,combined_nsr,2,r,0.9905812757148762,0.9897387725017855,0.9916264659505024,282,5000,7,20260816,20260818
CNN,combined_nsr,3,r,0.9852606545399634,0.9839142032909872,0.9868598491805628,282,5000,7,20260816,20260819
CNN,combined_nsr,4,r,0.9798129739921568,0.9778073025056874,0.9820133202220253,282,5000,7,20260816,20260820
CNN,combined_nsr,5,r,0.9744186483456966,0.9716370335066568,0.9772357924611595,282,5000,7,20260816,20260821
CNN,combined_nsr,6,r,0.969034888739276,0.9656815494103564,0.9725627934112496,282,5000,7,20260816,20260822
CNN,combined_nsr,7,r,0.9636568738549977,0.9597295187292406,0.9676115728335418,282,5000,7,20260816,20260823
CNN,combined_nsr,8,r,0.9581945630612232,0.9543169385419704,0.9626882252040512,282,5000,7,20260816,20260824
CNN,combined_nsr,9,r,0.953002774231702,0.9491263788893954,0.9578429675269436,282,5000,7,20260816,20260825
CNN,combined_nsr,10,r,0.9479014143809988,0.943974959555232,0.9530857109513752,282,5000,7,20260816,20260826
CNN,combined_nsr,11,r,0.942913075264346,0.9387679995844938,0.9480712177716388,282,5000,7,20260816,20260827
CNN,combined_nsr,12,r,0.9379158909986808,0.9332458093032008,0.9432483369888398,282,5000,7,20260816,20260828
CNN,combined_nsr,13,r,0.9334625998740692,0.9282492617584596,0.9388998522510624,282,5000,7,20260816,20260829
CNN,combined_nsr,14,r,0.929082727836291,0.9230730060764823,0.9347581813103402,282,5000,7,20260816,20260830
CNN,combined_nsr,15,r,0.9246178100881832,0.9177712142144016,0.9309357540219216,282,5000,7,20260816,20260831
CNN,combined_nsr,16,r,0.920173810938952,0.9125116685103324,0.9267321207464608,282,5000,7,20260816,20260832
CNN,combined_nsr,17,r,0.915843697350324,0.9076712401696064,0.9229899699519064,282,5000,7,20260816,20260833
CNN,combined_nsr,18,r,0.911454673049363,0.902937980394958,0.91885933588177,282,5000,7,20260816,20260834
CNN,combined_nsr,19,r,0.906948647864816,0.8977355740801173,0.9151433024705602,282,5000,7,20260816,20260835
CNN,combined_nsr,20,r,0.9021836710002268,0.8934107402448715,0.9112467391162392,282,5000,7,20260816,20260836
CNN,combined_nsr,21,r,0.897437707421925,0.8884303051654603,0.9075034971972632,282,5000,7,20260816,20260837
CNN,combined_nsr,22,r,0.8926902507823707,0.8836277048379706,0.9037350010593632,282,5000,7,20260816,20260838
CNN,combined_nsr,23,r,0.8882322624749389,0.8790817855018244,0.9002637840176229,282,5000,7,20260816,20260839
CNN,combined_nsr,24,r,0.8840878802208398,0.8743306388916567,0.8975420071789968,282,5000,7,20260816,20260840
CNN,combined_nsr,25,r,0.8800734133361414,0.8693799883553369,0.8945425135784614,282,5000,7,20260816,20260841
CNN,combined_nsr,26,r,0.8761028626706918,0.8642405696112072,0.8915933393297485,282,5000,7,20260816,20260842
CNN,combined_nsr,27,r,0.8722112756289082,0.858862483362147,0.8893236032325761,282,5000,7,20260816,20260843
CNN,combined_nsr,28,r,0.8683222244263037,0.8537979191758553,0.886436291059864,282,5000,7,20260816,20260844
CNN,combined_nsr,29,r,0.8643947659020857,0.8488498723456516,0.8836785548196252,282,5000,7,20260816,20260845
CNN,combined_nsr,30,r,0.8601907897540185,0.8434480401334591,0.8798187806410335,282,5000,7,20260816,20260846
CNN,barents,1,r,0.9807722511622228,0.9637441613894472,0.9965343693029056,282,5000,7,20260816,20260817
CNN,barents,2,r,0.969231375949692,0.9460565740346796,0.9933990039289916,282,5000,7,20260816,20260818
CNN,barents,3,r,0.9559038999558118,0.921538472864907,0.989321812062355,282,5000,7,20260816,20260819
CNN,barents,4,r,0.943719877917102,0.90269303331513,0.9859071495179172,282,5000,7,20260816,20260820
CNN,barents,5,r,0.932317573037652,0.8830859539609887,0.9819733244835426,282,5000,7,20260816,20260821
CNN,barents,6,r,0.9199626836270086,0.8639416783296155,0.9781226302733068,282,5000,7,20260816,20260822
CNN,barents,7,r,0.908581545180298,0.8451603007670674,0.9741398385088116,282,5000,7,20260816,20260823
CNN,barents,8,r,0.8987223964950551,0.829597017513186,0.9697640252842992,282,5000,7,20260816,20260824
CNN,barents,9,r,0.8888359585969682,0.8162135117842136,0.9664948090836722,282,5000,7,20260816,20260825
CNN,barents,10,r,0.8799748229556255,0.8040285837597956,0.9620227711490827,282,5000,7,20260816,20260826
CNN,barents,11,r,0.8709820320628344,0.7895362210914475,0.95791895406117,282,5000,7,20260816,20260827
CNN,barents,12,r,0.8614056053654221,0.7761648205737607,0.9514362184474604,282,5000,7,20260816,20260828
CNN,barents,13,r,0.8521649085829972,0.7634086780843398,0.9475748595148216,282,5000,7,20260816,20260829
CNN,barents,14,r,0.8428717850783054,0.750661468893391,0.944829723939882,282,5000,7,20260816,20260830
CNN,barents,15,r,0.8327158541392822,0.73726522181101,0.9401514405354052,282,5000,7,20260816,20260831
CNN,barents,16,r,0.823596391147744,0.7257381941339002,0.935350079029572,282,5000,7,20260816,20260832
CNN,barents,17,r,0.8140660196891075,0.7100673916817266,0.9327799796445896,282,5000,7,20260816,20260833
CNN,barents,18,r,0.8061372678185987,0.6986302168482573,0.9287265736530494,282,5000,7,20260816,20260834
CNN,barents,19,r,0.798141455437995,0.6883303835452994,0.923301803170473,282,5000,7,20260816,20260835
CNN,barents,20,r,0.7898115286744397,0.6767447604575089,0.920520905957019,282,5000,7,20260816,20260836
CNN,barents,21,r,0.7802455499947677,0.6609928329975855,0.916073663672442,282,5000,7,20260816,20260837
CNN,barents,22,r,0.7739506659206767,0.6535976693714274,0.9156108382593025,282,5000,7,20260816,20260838
CNN,barents,23,r,0.7668029978445576,0.6473210209039753,0.9120817676434804,282,5000,7,20260816,20260839
CNN,barents,24,r,0.7590245630077193,0.6341087797646853,0.910146772365188,282,5000,7,20260816,20260840
CNN,barents,25,r,0.7524017558173317,0.6229712779142743,0.9083123479021704,282,5000,7,20260816,20260841
CNN,barents,26,r,0.7478084461144295,0.6183846545150781,0.9057281251700072,282,5000,7,20260816,20260842
CNN,barents,27,r,0.7423699530067392,0.6080681269804751,0.9019382361943326,282,5000,7,20260816,20260843
CNN,barents,28,r,0.7350598948819583,0.5957358011665012,0.9010182403953444,282,5000,7,20260816,20260844
CNN,barents,29,r,0.7286462066876557,0.5875156008774052,0.8974699415662534,282,5000,7,20260816,20260845
CNN,barents,30,r,0.7225046933609315,0.5815223915211947,0.8966884493052261,282,5000,7,20260816,20260846
CNN,kara,1,r,0.992780251877512,0.990968180036812,0.995492171223594,282,5000,7,20260816,20260817
CNN,kara,2,r,0.9859406133639784,0.982174819910717,0.9914088654162676,282,5000,7,20260816,20260818
CNN,kara,3,r,0.9785771697968736,0.9727515884704055,0.9868841528474686,282,5000,7,20260816,20260819
CNN,kara,4,r,0.9708732012824298,0.9628049130370874,0.9821822158696482,282,5000,7,20260816,20260820
CNN,kara,5,r,0.9631727096380208,0.952342740076463,0.977707099999894,282,5000,7,20260816,20260821
CNN,kara,6,r,0.955161899135872,0.9414761282872705,0.9730622401321022,282,5000,7,20260816,20260822
CNN,kara,7,r,0.946322512455698,0.930486031090327,0.968419304395258,282,5000,7,20260816,20260823
CNN,kara,8,r,0.9373404136204588,0.919802816374271,0.9636973129066952,282,5000,7,20260816,20260824
CNN,kara,9,r,0.9283707974073254,0.9064335126250556,0.9591821377666714,282,5000,7,20260816,20260825
CNN,kara,10,r,0.9196925258383783,0.8921887123679451,0.9544756314784824,282,5000,7,20260816,20260826
CNN,kara,11,r,0.9112772669881022,0.8785594658943914,0.9507346949719908,282,5000,7,20260816,20260827
CNN,kara,12,r,0.9041949241112632,0.86176240989044,0.9456688368939292,282,5000,7,20260816,20260828
CNN,kara,13,r,0.8973405150855797,0.8480918686877716,0.9425851979434356,282,5000,7,20260816,20260829
CNN,kara,14,r,0.889616863839227,0.8322051144399436,0.9395881436187308,282,5000,7,20260816,20260830
CNN,kara,15,r,0.8819176015659416,0.8184838500112324,0.9359666959423104,282,5000,7,20260816,20260831
CNN,kara,16,r,0.8743900630574639,0.8080278533742996,0.9317757156416288,282,5000,7,20260816,20260832
CNN,kara,17,r,0.8671657998804391,0.7930000182279231,0.9295391526936492,282,5000,7,20260816,20260833
CNN,kara,18,r,0.8604426170876772,0.7827363363431991,0.9257188335171844,282,5000,7,20260816,20260834
CNN,kara,19,r,0.8538744025174452,0.7700441402022182,0.9220357499106816,282,5000,7,20260816,20260835
CNN,kara,20,r,0.8471866820539988,0.7618366358963992,0.9199387765847898,282,5000,7,20260816,20260836
CNN,kara,21,r,0.8407866599672218,0.7500244854741647,0.9160410337487463,282,5000,7,20260816,20260837
CNN,kara,22,r,0.8344965219442955,0.7430404465921213,0.9153224011779422,282,5000,7,20260816,20260838
CNN,kara,23,r,0.8282370523188067,0.7354349954363181,0.913448108239672,282,5000,7,20260816,20260839
CNN,kara,24,r,0.8219924096719415,0.7321002114937506,0.9130834014806546,282,5000,7,20260816,20260840
CNN,kara,25,r,0.8161575993615775,0.7256346586045971,0.9133830925720086,282,5000,7,20260816,20260841
CNN,kara,26,r,0.8108201513586458,0.7242374080331223,0.91162095012619,282,5000,7,20260816,20260842
CNN,kara,27,r,0.805589690273653,0.7215793213080128,0.9096221370649912,282,5000,7,20260816,20260843
CNN,kara,28,r,0.8005391497315597,0.7166331986256276,0.9087234554191612,282,5000,7,20260816,20260844
CNN,kara,29,r,0.795872548695076,0.7104471148949599,0.9054859488446528,282,5000,7,20260816,20260845
CNN,kara,30,r,0.7909959758494737,0.7077326026897794,0.9037535656000708,282,5000,7,20260816,20260846
CNN,laptev,1,r,0.996028098789862,0.9947255375083404,0.9972968310705972,282,5000,7,20260816,20260817
CNN,laptev,2,r,0.9916324994339866,0.989372298845092,0.9943382459466188,282,5000,7,20260816,20260818
CNN,laptev,3,r,0.9873019603344187,0.984265622218083,0.991261839788232,282,5000,7,20260816,20260819
CNN,laptev,4,r,0.9829436733281984,0.978782310087407,0.9882410829577754,282,5000,7,20260816,20260820
CNN,laptev,5,r,0.9785144311656616,0.973396370492946,0.985286391070219,282,5000,7,20260816,20260821
CNN,laptev,6,r,0.9741195658052504,0.9680068782173956,0.9826565556281932,282,5000,7,20260816,20260822
CNN,laptev,7,r,0.9697188273300472,0.962574634972244,0.9792370594830312,282,5000,7,20260816,20260823
CNN,laptev,8,r,0.9653209604252035,0.9578660592021144,0.9761129208366104,282,5000,7,20260816,20260824
CNN,laptev,9,r,0.9613742213786234,0.952919152773519,0.9725367386174408,282,5000,7,20260816,20260825
CNN,laptev,10,r,0.9574242877810484,0.9473813896124058,0.969953034696815,282,5000,7,20260816,20260826
CNN,laptev,11,r,0.9535952507008896,0.9420411042789224,0.9661899838136472,282,5000,7,20260816,20260827
CNN,laptev,12,r,0.94963325171308,0.93665421385393,0.96328108727025,282,5000,7,20260816,20260828
CNN,laptev,13,r,0.946166270186786,0.9313132330662612,0.9600470825349778,282,5000,7,20260816,20260829
CNN,laptev,14,r,0.9424529513378536,0.9264136635775488,0.957309815334892,282,5000,7,20260816,20260830
CNN,laptev,15,r,0.9385266636631208,0.9204924558948996,0.9542106776344096,282,5000,7,20260816,20260831
CNN,laptev,16,r,0.934360571705064,0.9152852038916128,0.951070457764958,282,5000,7,20260816,20260832
CNN,laptev,17,r,0.9300242404037108,0.9098605631312616,0.9475491925252902,282,5000,7,20260816,20260833
CNN,laptev,18,r,0.9255542568221358,0.903367693486407,0.9437008526315106,282,5000,7,20260816,20260834
CNN,laptev,19,r,0.9206566606481617,0.8978679540520029,0.9406890538292504,282,5000,7,20260816,20260835
CNN,laptev,20,r,0.9152567204130015,0.8922877429834014,0.93665697405143,282,5000,7,20260816,20260836
CNN,laptev,21,r,0.9097244071304972,0.8856584732345777,0.932697486250356,282,5000,7,20260816,20260837
CNN,laptev,22,r,0.904032034965078,0.8798508058240729,0.928737510492062,282,5000,7,20260816,20260838
CNN,laptev,23,r,0.8978074743576859,0.8733936445334783,0.9249457227004954,282,5000,7,20260816,20260839
CNN,laptev,24,r,0.8915663062102349,0.867999231613363,0.921088541191772,282,5000,7,20260816,20260840
CNN,laptev,25,r,0.8855585053153734,0.8614810995445478,0.9172561277943077,282,5000,7,20260816,20260841
CNN,laptev,26,r,0.8792634897356584,0.8541301932597211,0.9118144978986588,282,5000,7,20260816,20260842
CNN,laptev,27,r,0.8732282192379387,0.8469547372404436,0.9074303667423904,282,5000,7,20260816,20260843
CNN,laptev,28,r,0.8666956894477685,0.8396544877460017,0.9028885457435476,282,5000,7,20260816,20260844
CNN,laptev,29,r,0.8596256422960438,0.831383531751315,0.8980353704859837,282,5000,7,20260816,20260845
CNN,laptev,30,r,0.8510944107324714,0.824348987879005,0.8922342776088341,282,5000,7,20260816,20260846
CNN,east_siberian,1,r,0.9917478533698086,0.9886738928229452,0.995437581916962,282,5000,7,20260816,20260817
CNN,east_siberian,2,r,0.98237545700135,0.975108448336011,0.9903659102355552,282,5000,7,20260816,20260818
CNN,east_siberian,3,r,0.9735822281265952,0.9624038586217474,0.9856030253520626,282,5000,7,20260816,20260819
CNN,east_siberian,4,r,0.9652953406488166,0.9498382698770308,0.9814066858056536,282,5000,7,20260816,20260820
CNN,east_siberian,5,r,0.9578317471708192,0.938285461284662,0.9776340042668672,282,5000,7,20260816,20260821
CNN,east_siberian,6,r,0.9510301359849164,0.9280287102375496,0.9743933153172782,282,5000,7,20260816,20260822
CNN,east_siberian,7,r,0.9448109634490092,0.9186069293311184,0.969688917810656,282,5000,7,20260816,20260823
CNN,east_siberian,8,r,0.9389943672600826,0.9106486935986638,0.965906460606235,282,5000,7,20260816,20260824
CNN,east_siberian,9,r,0.9334748159971118,0.9033321857546798,0.961946285044648,282,5000,7,20260816,20260825
CNN,east_siberian,10,r,0.9279902134369672,0.8959499690191837,0.9593123396866848,282,5000,7,20260816,20260826
CNN,east_siberian,11,r,0.9230456510985984,0.8890901981506795,0.9553618378253008,282,5000,7,20260816,20260827
CNN,east_siberian,12,r,0.9180455654557405,0.8821343376502041,0.952682575309953,282,5000,7,20260816,20260828
CNN,east_siberian,13,r,0.9138935261330378,0.8762836350755452,0.9478925766040184,282,5000,7,20260816,20260829
CNN,east_siberian,14,r,0.9100331437397764,0.8702613740715861,0.946210996009573,282,5000,7,20260816,20260830
CNN,east_siberian,15,r,0.905647982614096,0.8624452678886095,0.9440427681003848,282,5000,7,20260816,20260831
CNN,east_siberian,16,r,0.9014850024384684,0.8588722005065133,0.940913786383296,282,5000,7,20260816,20260832
CNN,east_siberian,17,r,0.8973354221632116,0.849971262009862,0.938599371886506,282,5000,7,20260816,20260833
CNN,east_siberian,18,r,0.8929895464032498,0.845048323740581,0.9358936554211288,282,5000,7,20260816,20260834
CNN,east_siberian,19,r,0.8884558736446421,0.8404399743675628,0.933783397136826,282,5000,7,20260816,20260835
CNN,east_siberian,20,r,0.8836779128942478,0.8339609781419526,0.9310877040197476,282,5000,7,20260816,20260836
CNN,east_siberian,21,r,0.878753852642358,0.8290917524725288,0.9289813767500332,282,5000,7,20260816,20260837
CNN,east_siberian,22,r,0.8736562609560528,0.821160765194593,0.9256459619188148,282,5000,7,20260816,20260838
CNN,east_siberian,23,r,0.8686070957126137,0.8149996945184964,0.92483263015712,282,5000,7,20260816,20260839
CNN,east_siberian,24,r,0.8632100773466044,0.8092339815007474,0.9210803895754228,282,5000,7,20260816,20260840
CNN,east_siberian,25,r,0.8575655790431955,0.8015900420460187,0.91765000721437,282,5000,7,20260816,20260841
CNN,east_siberian,26,r,0.8517358356866573,0.7952548540090867,0.914160395662642,282,5000,7,20260816,20260842
CNN,east_siberian,27,r,0.8463239978078765,0.7912659641848558,0.9112458546936368,282,5000,7,20260816,20260843
CNN,east_siberian,28,r,0.8403518338568554,0.784529722274767,0.9066308291174066,282,5000,7,20260816,20260844
CNN,east_siberian,29,r,0.8333205857393787,0.7771418877849731,0.9013599874178266,282,5000,7,20260816,20260845
CNN,east_siberian,30,r,0.8251443383817112,0.7697618186023668,0.8987995890661377,282,5000,7,20260816,20260846
CNN,chukchi,1,r,0.9904956120272248,0.986080228673787,0.9939749231090802,282,5000,7,20260816,20260817
CNN,chukchi,2,r,0.9787704950943013,0.9682641429926366,0.9874417893899906,282,5000,7,20260816,20260818
CNN,chukchi,3,r,0.9696592072865144,0.9553576135389328,0.9820652499755288,282,5000,7,20260816,20260819
CNN,chukchi,4,r,0.9612702363706404,0.9434962508028608,0.976016107344647,282,5000,7,20260816,20260820
CNN,chukchi,5,r,0.9536237027500344,0.934946313907695,0.9706725931899628,282,5000,7,20260816,20260821
CNN,chukchi,6,r,0.9463775058913084,0.927192909214317,0.9652848848407178,282,5000,7,20260816,20260822
CNN,chukchi,7,r,0.938129059015729,0.9170053819768356,0.9595885613711854,282,5000,7,20260816,20260823
CNN,chukchi,8,r,0.928851172246963,0.9055068744449722,0.9527953955094776,282,5000,7,20260816,20260824
CNN,chukchi,9,r,0.9204437975453506,0.893890718225383,0.9462354431539516,282,5000,7,20260816,20260825
CNN,chukchi,10,r,0.9123560692483826,0.8831102406745829,0.940089202161396,282,5000,7,20260816,20260826
CNN,chukchi,11,r,0.90416734518755,0.871478126205313,0.9326752868039996,282,5000,7,20260816,20260827
CNN,chukchi,12,r,0.89465757189851,0.8545933004392593,0.9261864986864388,282,5000,7,20260816,20260828
CNN,chukchi,13,r,0.887972563402879,0.8441059459016856,0.9217955745966564,282,5000,7,20260816,20260829
CNN,chukchi,14,r,0.8817824878488406,0.8336068152740208,0.9178791947286996,282,5000,7,20260816,20260830
CNN,chukchi,15,r,0.8747295738060473,0.8223980865943319,0.9123878208506652,282,5000,7,20260816,20260831
CNN,chukchi,16,r,0.8677395950442598,0.8101907885066071,0.9081870368814504,282,5000,7,20260816,20260832
CNN,chukchi,17,r,0.8617301001786727,0.799506189035074,0.905134883835534,282,5000,7,20260816,20260833
CNN,chukchi,18,r,0.8559560214513199,0.7895689091903504,0.9021627324547512,282,5000,7,20260816,20260834
CNN,chukchi,19,r,0.8498241194545361,0.7762568087922218,0.8994475475346217,282,5000,7,20260816,20260835
CNN,chukchi,20,r,0.8434308617591832,0.7663714807934718,0.8961292503696449,282,5000,7,20260816,20260836
CNN,chukchi,21,r,0.8382968360118153,0.7602145956802862,0.8929912906022738,282,5000,7,20260816,20260837
CNN,chukchi,22,r,0.8329896956850541,0.7531847884700443,0.8894920715907001,282,5000,7,20260816,20260838
CNN,chukchi,23,r,0.8284272447496657,0.7450371804433121,0.8863243921439687,282,5000,7,20260816,20260839
CNN,chukchi,24,r,0.8246183319493068,0.7382695080525047,0.881438183013124,282,5000,7,20260816,20260840
CNN,chukchi,25,r,0.8203481367329951,0.7338294099743387,0.8778069836684491,282,5000,7,20260816,20260841
CNN,chukchi,26,r,0.8159170981985233,0.7267376014154191,0.8739977776214268,282,5000,7,20260816,20260842
CNN,chukchi,27,r,0.8115929994633188,0.7195754442207392,0.8690157535568006,282,5000,7,20260816,20260843
CNN,chukchi,28,r,0.8072249146858866,0.7113432680345698,0.8661789168447478,282,5000,7,20260816,20260844
CNN,chukchi,29,r,0.8033371362717753,0.7094010565633424,0.8638198533847806,282,5000,7,20260816,20260845
CNN,chukchi,30,r,0.7990203654787691,0.7022447028681867,0.8605779475652712,282,5000,7,20260816,20260846
U-Net,pan_arctic,1,rmse,0.0259006702442719,0.0235063507612985,0.0275971615675924,282,5000,7,20260816,20260817
U-Net,pan_arctic,2,rmse,0.0375636225541506,0.034505063753458,0.039424112406165,282,5000,7,20260816,20260818
U-Net,pan_arctic,3,rmse,0.045725888356673,0.0422302664300981,0.0477871747007621,282,5000,7,20260816,20260819
U-Net,pan_arctic,4,rmse,0.0521153320595341,0.0482883762893655,0.0542694134922406,282,5000,7,20260816,20260820
U-Net,pan_arctic,5,rmse,0.0574627291019894,0.0534605665617089,0.0599085753840966,282,5000,7,20260816,20260821
U-Net,pan_arctic,6,rmse,0.0621997539985518,0.0578068951524724,0.0649200299514442,282,5000,7,20260816,20260822
U-Net,pan_arctic,7,rmse,0.0664621888873405,0.0617705092603682,0.0692006538112262,282,5000,7,20260816,20260823
U-Net,pan_arctic,8,rmse,0.0701883736487312,0.0652598484823502,0.0730103017744802,282,5000,7,20260816,20260824
U-Net,pan_arctic,9,rmse,0.0735466162620817,0.0681518513700211,0.0765814517025939,282,5000,7,20260816,20260825
U-Net,pan_arctic,10,rmse,0.0766557074396412,0.0708892037180937,0.0800227460790167,282,5000,7,20260816,20260826
U-Net,pan_arctic,11,rmse,0.0795782794859416,0.0735213716174921,0.0832455301490278,282,5000,7,20260816,20260827
U-Net,pan_arctic,12,rmse,0.0821721607884529,0.0757943696184331,0.0866008896879042,282,5000,7,20260816,20260828
U-Net,pan_arctic,13,rmse,0.0848432634825504,0.0780595640251258,0.0896787306392467,282,5000,7,20260816,20260829
U-Net,pan_arctic,14,rmse,0.0872838533809756,0.0801330165690327,0.0930039928900594,282,5000,7,20260816,20260830
U-Net,pan_arctic,15,rmse,0.0897597691850021,0.0821531149194068,0.0962534368273742,282,5000,7,20260816,20260831
U-Net,pan_arctic,16,rmse,0.0922045941460981,0.0842463348980196,0.0989075676969144,282,5000,7,20260816,20260832
U-Net,pan_arctic,17,rmse,0.0946501407275525,0.0862745477930471,0.102079325973755,282,5000,7,20260816,20260833
U-Net,pan_arctic,18,rmse,0.0970899922709129,0.0883385925926494,0.1050811711536173,282,5000,7,20260816,20260834
U-Net,pan_arctic,19,rmse,0.0994341608545877,0.0902406966167518,0.107650422567963,282,5000,7,20260816,20260835
U-Net,pan_arctic,20,rmse,0.1018325854503205,0.091875851075367,0.1103948913474454,282,5000,7,20260816,20260836
U-Net,pan_arctic,21,rmse,0.1039932718099284,0.0936003975398916,0.1131893549064428,282,5000,7,20260816,20260837
U-Net,pan_arctic,22,rmse,0.1062491993905672,0.0955630761875395,0.1158847270697606,282,5000,7,20260816,20260838
U-Net,pan_arctic,23,rmse,0.1083672487304841,0.0969405809474243,0.1184650622688319,282,5000,7,20260816,20260839
U-Net,pan_arctic,24,rmse,0.1104663645688881,0.0983643413570348,0.1204890410960456,282,5000,7,20260816,20260840
U-Net,pan_arctic,25,rmse,0.1125531927798685,0.1002449296499842,0.1231558228754204,282,5000,7,20260816,20260841
U-Net,pan_arctic,26,rmse,0.1145455018814533,0.1017453405010598,0.1253543699095007,282,5000,7,20260816,20260842
U-Net,pan_arctic,27,rmse,0.1164519129427826,0.1033001137461509,0.1271858183548779,282,5000,7,20260816,20260843
U-Net,pan_arctic,28,rmse,0.1184899419537698,0.1045825491655767,0.1294032750662485,282,5000,7,20260816,20260844
U-Net,pan_arctic,29,rmse,0.1204923568508213,0.1062197458737052,0.1321588616349151,282,5000,7,20260816,20260845
U-Net,pan_arctic,30,rmse,0.1224109899922569,0.1080220639739345,0.1339995894495771,282,5000,7,20260816,20260846
U-Net,combined_nsr,1,rmse,0.0234266082979068,0.0203382646504198,0.0255599778052369,282,5000,7,20260816,20260817
U-Net,combined_nsr,2,rmse,0.0353976791374151,0.0309853993424603,0.0381659562660159,282,5000,7,20260816,20260818
U-Net,combined_nsr,3,rmse,0.0441510016103738,0.0389614581055134,0.0474467998961617,282,5000,7,20260816,20260819
U-Net,combined_nsr,4,rmse,0.0513110133556493,0.0453428241532364,0.0548231742592985,282,5000,7,20260816,20260820
U-Net,combined_nsr,5,rmse,0.0574790227148703,0.0508452126349169,0.0614150425793636,282,5000,7,20260816,20260821
U-Net,combined_nsr,6,rmse,0.0629998288799641,0.0558273930655311,0.0671146863705877,282,5000,7,20260816,20260822
U-Net,combined_nsr,7,rmse,0.0679277283856671,0.0601684753388596,0.0718755817550039,282,5000,7,20260816,20260823
U-Net,combined_nsr,8,rmse,0.072352122213187,0.0643595083870629,0.0762188396896351,282,5000,7,20260816,20260824
U-Net,combined_nsr,9,rmse,0.0762482806061777,0.067684776542041,0.0799960963869997,282,5000,7,20260816,20260825
U-Net,combined_nsr,10,rmse,0.079962844298586,0.0709311429423812,0.0838219690316774,282,5000,7,20260816,20260826
U-Net,combined_nsr,11,rmse,0.0831567613388042,0.0739851319546553,0.0871907387694598,282,5000,7,20260816,20260827
U-Net,combined_nsr,12,rmse,0.0862679868320137,0.0765567748992702,0.091072202508787,282,5000,7,20260816,20260828
U-Net,combined_nsr,13,rmse,0.0892219658415344,0.079129488291409,0.0945201397816566,282,5000,7,20260816,20260829
U-Net,combined_nsr,14,rmse,0.0919608097274521,0.0816407716336606,0.0983069326631791,282,5000,7,20260816,20260830
U-Net,combined_nsr,15,rmse,0.0948001088402222,0.083886197800581,0.101772584849544,282,5000,7,20260816,20260831
U-Net,combined_nsr,16,rmse,0.0974913946646804,0.0860749050121435,0.1048461454642252,282,5000,7,20260816,20260832
U-Net,combined_nsr,17,rmse,0.1001562311062099,0.0884132677952809,0.1078792586144095,282,5000,7,20260816,20260833
U-Net,combined_nsr,18,rmse,0.1030434883225682,0.0906594136754576,0.1115478924235995,282,5000,7,20260816,20260834
U-Net,combined_nsr,19,rmse,0.1056776315811459,0.0925884312964642,0.1142847369687958,282,5000,7,20260816,20260835
U-Net,combined_nsr,20,rmse,0.1083842311152889,0.0944225575726392,0.1176973482335679,282,5000,7,20260816,20260836
U-Net,combined_nsr,21,rmse,0.1108459335499674,0.0962412384307394,0.1207846414138949,282,5000,7,20260816,20260837
U-Net,combined_nsr,22,rmse,0.1133304920208529,0.0982831961444548,0.1236668027469833,282,5000,7,20260816,20260838
U-Net,combined_nsr,23,rmse,0.1157946406691731,0.1002815706156554,0.1267646426918891,282,5000,7,20260816,20260839
U-Net,combined_nsr,24,rmse,0.118076874716102,0.1016274045520966,0.1286776093745315,282,5000,7,20260816,20260840
U-Net,combined_nsr,25,rmse,0.1204959111019535,0.1038590865049223,0.1318452505784202,282,5000,7,20260816,20260841
U-Net,combined_nsr,26,rmse,0.1226306404226696,0.1051447052963363,0.1337836677689782,282,5000,7,20260816,20260842
U-Net,combined_nsr,27,rmse,0.124957221283113,0.1071781601261804,0.136751093235653,282,5000,7,20260816,20260843
U-Net,combined_nsr,28,rmse,0.127460959575527,0.1089848152110326,0.1392202421745176,282,5000,7,20260816,20260844
U-Net,combined_nsr,29,rmse,0.1297481571073751,0.110830551819858,0.1428310662477039,282,5000,7,20260816,20260845
U-Net,combined_nsr,30,rmse,0.1322074485576211,0.1129076213099632,0.1450851816329509,282,5000,7,20260816,20260846
U-Net,barents,1,rmse,0.0111561764775484,0.0074870777822447,0.0137549718432445,282,5000,7,20260816,20260817
U-Net,barents,2,rmse,0.016574413897345,0.0111172334760251,0.020768827162765,282,5000,7,20260816,20260818
U-Net,barents,3,rmse,0.0208948259171581,0.0142662842690813,0.0263848245401295,282,5000,7,20260816,20260819
U-Net,barents,4,rmse,0.0246905996773933,0.0167600835526553,0.0314492431564195,282,5000,7,20260816,20260820
U-Net,barents,5,rmse,0.0279077169547286,0.0185547645296022,0.0358190573595427,282,5000,7,20260816,20260821
U-Net,barents,6,rmse,0.0306327293987484,0.0205254349523913,0.0392541161420464,282,5000,7,20260816,20260822
U-Net,barents,7,rmse,0.0330008882079621,0.0217044064900776,0.042636474423057,282,5000,7,20260816,20260823
U-Net,barents,8,rmse,0.0348290119246514,0.0228626325754313,0.0451472211785864,282,5000,7,20260816,20260824
U-Net,barents,9,rmse,0.0362918105407385,0.0239736227963124,0.0478361181493167,282,5000,7,20260816,20260825
U-Net,barents,10,rmse,0.0373628901848851,0.0239029553770666,0.0502424321228084,282,5000,7,20260816,20260826
U-Net,barents,11,rmse,0.0383758468169192,0.0243294371022862,0.051896404008042,282,5000,7,20260816,20260827
U-Net,barents,12,rmse,0.0392780449191399,0.0248528139630799,0.0528671650715432,282,5000,7,20260816,20260828
U-Net,barents,13,rmse,0.0401512360855412,0.025321708857758,0.0549325562512673,282,5000,7,20260816,20260829
U-Net,barents,14,rmse,0.041162643612395,0.025846206001076,0.0568030318484661,282,5000,7,20260816,20260830
U-Net,barents,15,rmse,0.0420808769525917,0.0259143888534943,0.0589936965665013,282,5000,7,20260816,20260831
U-Net,barents,16,rmse,0.0431093560355296,0.0269571075286161,0.060468359125904,282,5000,7,20260816,20260832
U-Net,barents,17,rmse,0.0442965601391283,0.0275558058360659,0.063545645318277,282,5000,7,20260816,20260833
U-Net,barents,18,rmse,0.0452680211965179,0.0283682737629924,0.0647109955350649,282,5000,7,20260816,20260834
U-Net,barents,19,rmse,0.0463901771657157,0.0282173051029812,0.0650839275017824,282,5000,7,20260816,20260835
U-Net,barents,20,rmse,0.0475223213991486,0.029427236744841,0.0676774009002006,282,5000,7,20260816,20260836
U-Net,barents,21,rmse,0.0482693910344884,0.0295381779517775,0.0672813270620619,282,5000,7,20260816,20260837
U-Net,barents,22,rmse,0.0491541923458602,0.0307252783856899,0.0688097810799687,282,5000,7,20260816,20260838
U-Net,barents,23,rmse,0.0498254319722704,0.0313057120255834,0.0687893314056788,282,5000,7,20260816,20260839
U-Net,barents,24,rmse,0.0505785157849706,0.0315610690861927,0.0699215376048987,282,5000,7,20260816,20260840
U-Net,barents,25,rmse,0.051179166693671,0.0320521944647374,0.0710329970149675,282,5000,7,20260816,20260841
U-Net,barents,26,rmse,0.0527536460385548,0.0333410709186395,0.0715272020662899,282,5000,7,20260816,20260842
U-Net,barents,27,rmse,0.0529626103307656,0.0334095418878325,0.0716524526923342,282,5000,7,20260816,20260843
U-Net,barents,28,rmse,0.0539192551420905,0.0348996267825131,0.0720803253293185,282,5000,7,20260816,20260844
U-Net,barents,29,rmse,0.0553525397500111,0.036674848779512,0.0720715964161281,282,5000,7,20260816,20260845
U-Net,barents,30,rmse,0.0560004251532255,0.0370848504926872,0.0731792661871195,282,5000,7,20260816,20260846
U-Net,kara,1,rmse,0.0234086608267054,0.0169080311029825,0.0279291149236616,282,5000,7,20260816,20260817
U-Net,kara,2,rmse,0.0347352004578382,0.0252656874633226,0.0411727281051104,282,5000,7,20260816,20260818
U-Net,kara,3,rmse,0.043487568650263,0.0320871928298001,0.0510484288082756,282,5000,7,20260816,20260819
U-Net,kara,4,rmse,0.0507882255901052,0.0381238658860243,0.0593905084370922,282,5000,7,20260816,20260820
U-Net,kara,5,rmse,0.0572254762375041,0.0429416767701768,0.0660483678218112,282,5000,7,20260816,20260821
U-Net,kara,6,rmse,0.0631700814377942,0.0485433999937137,0.0723342881306574,282,5000,7,20260816,20260822
U-Net,kara,7,rmse,0.0683842503398908,0.0527208015592108,0.0771254172656219,282,5000,7,20260816,20260823
U-Net,kara,8,rmse,0.072611117730576,0.0566523314604261,0.0812122546726851,282,5000,7,20260816,20260824
U-Net,kara,9,rmse,0.0759562427337842,0.059536346012494,0.0843958249575461,282,5000,7,20260816,20260825
U-Net,kara,10,rmse,0.0787026972145771,0.0617857138344434,0.0878112195103829,282,5000,7,20260816,20260826
U-Net,kara,11,rmse,0.0811421131846355,0.0648450080096842,0.0901828690580917,282,5000,7,20260816,20260827
U-Net,kara,12,rmse,0.0833858106416284,0.0669192238048056,0.0920927517899715,282,5000,7,20260816,20260828
U-Net,kara,13,rmse,0.0854140445234398,0.0689188753901282,0.0937651317512303,282,5000,7,20260816,20260829
U-Net,kara,14,rmse,0.087329617605379,0.0713348600235317,0.0960279317063108,282,5000,7,20260816,20260830
U-Net,kara,15,rmse,0.0891833804724844,0.0736528615148314,0.0979473674857596,282,5000,7,20260816,20260831
U-Net,kara,16,rmse,0.0909879415063859,0.0760078465511126,0.0995551963727695,282,5000,7,20260816,20260832
U-Net,kara,17,rmse,0.0926450841129229,0.0779148797967051,0.1010217851985406,282,5000,7,20260816,20260833
U-Net,kara,18,rmse,0.0944407532970719,0.0798496975990937,0.1027081599029181,282,5000,7,20260816,20260834
U-Net,kara,19,rmse,0.0960377603010002,0.0816250929291551,0.1041387100636364,282,5000,7,20260816,20260835
U-Net,kara,20,rmse,0.0978177186576142,0.0835427235215873,0.1054684438724962,282,5000,7,20260816,20260836
U-Net,kara,21,rmse,0.0996913603888969,0.0856598200006185,0.1072331003752984,282,5000,7,20260816,20260837
U-Net,kara,22,rmse,0.1016400372572373,0.0871119005289299,0.1091112345564844,282,5000,7,20260816,20260838
U-Net,kara,23,rmse,0.1036664940108385,0.0887269403765133,0.110540812985481,282,5000,7,20260816,20260839
U-Net,kara,24,rmse,0.1056934941980817,0.0904264823776899,0.1122427298569745,282,5000,7,20260816,20260840
U-Net,kara,25,rmse,0.1076942391810776,0.091889750764078,0.115136105890822,282,5000,7,20260816,20260841
U-Net,kara,26,rmse,0.1094302574554276,0.0926362696723128,0.1175285400235817,282,5000,7,20260816,20260842
U-Net,kara,27,rmse,0.1109174036241956,0.0929995106551085,0.1195178536430495,282,5000,7,20260816,20260843
U-Net,kara,28,rmse,0.1125534072068197,0.0940576501639305,0.122590575213841,282,5000,7,20260816,20260844
U-Net,kara,29,rmse,0.1141503059870428,0.0945751129791766,0.1258977088172214,282,5000,7,20260816,20260845
U-Net,kara,30,rmse,0.1156772754093928,0.094708392627713,0.1290326366468075,282,5000,7,20260816,20260846
U-Net,laptev,1,rmse,0.0275391332102288,0.0222518069870499,0.0316949548802039,282,5000,7,20260816,20260817
U-Net,laptev,2,rmse,0.0425146766150517,0.0342629486447562,0.0480044343768571,282,5000,7,20260816,20260818
U-Net,laptev,3,rmse,0.0535894807053722,0.0436669731348009,0.0599648605185161,282,5000,7,20260816,20260819
U-Net,laptev,4,rmse,0.062606652515181,0.0516340410989803,0.0697733814876048,282,5000,7,20260816,20260820
U-Net,laptev,5,rmse,0.0704212736411451,0.0585460609317976,0.0783669217274586,282,5000,7,20260816,20260821
U-Net,laptev,6,rmse,0.0775686074803251,0.0649274476529653,0.0857215015305772,282,5000,7,20260816,20260822
U-Net,laptev,7,rmse,0.0840491094363392,0.0713197386789942,0.0925793432960804,282,5000,7,20260816,20260823
U-Net,laptev,8,rmse,0.0901675858440333,0.0776399729573074,0.0984404723097191,282,5000,7,20260816,20260824
U-Net,laptev,9,rmse,0.0953373528849969,0.0830347483598592,0.1038997565110532,282,5000,7,20260816,20260825
U-Net,laptev,10,rmse,0.1005336875167679,0.0883329286726546,0.109617554467758,282,5000,7,20260816,20260826
U-Net,laptev,11,rmse,0.1047494507019085,0.0926011968930961,0.1145779072168002,282,5000,7,20260816,20260827
U-Net,laptev,12,rmse,0.1092550715251869,0.0969456940596101,0.1201559408470641,282,5000,7,20260816,20260828
U-Net,laptev,13,rmse,0.1134757309681741,0.1012258649033372,0.1253242590995043,282,5000,7,20260816,20260829
U-Net,laptev,14,rmse,0.1178469563157352,0.1053890405009221,0.1316230052202656,282,5000,7,20260816,20260830
U-Net,laptev,15,rmse,0.1226172167804071,0.1094098373161742,0.136951852120637,282,5000,7,20260816,20260831
U-Net,laptev,16,rmse,0.1271929011354635,0.1135740007351955,0.1422564478914147,282,5000,7,20260816,20260832
U-Net,laptev,17,rmse,0.1319271798996841,0.1176804284395193,0.147527630762109,282,5000,7,20260816,20260833
U-Net,laptev,18,rmse,0.1365531267790046,0.1215820822760885,0.1530926765381723,282,5000,7,20260816,20260834
U-Net,laptev,19,rmse,0.1409462555370969,0.1251032312772889,0.1576386994985262,282,5000,7,20260816,20260835
U-Net,laptev,20,rmse,0.1454374000331677,0.1278637841352004,0.1639817646366677,282,5000,7,20260816,20260836
U-Net,laptev,21,rmse,0.1493647135794424,0.1319988836375368,0.1682039985533377,282,5000,7,20260816,20260837
U-Net,laptev,22,rmse,0.1533762418598375,0.135619705997382,0.1727810637024814,282,5000,7,20260816,20260838
U-Net,laptev,23,rmse,0.1575555954716941,0.1390652137923816,0.178768250985037,282,5000,7,20260816,20260839
U-Net,laptev,24,rmse,0.1608967344873813,0.1415725242221591,0.1824091471867656,282,5000,7,20260816,20260840
U-Net,laptev,25,rmse,0.1635696576293929,0.1442644538372736,0.1865835392354113,282,5000,7,20260816,20260841
U-Net,laptev,26,rmse,0.1662359635570934,0.1468452892607385,0.189246257766637,282,5000,7,20260816,20260842
U-Net,laptev,27,rmse,0.1692769836240942,0.149918699529195,0.1918211016653803,282,5000,7,20260816,20260843
U-Net,laptev,28,rmse,0.172161550269154,0.1525453364275169,0.1951826516722599,282,5000,7,20260816,20260844
U-Net,laptev,29,rmse,0.1742219973096222,0.1550117501301359,0.1970206394759104,282,5000,7,20260816,20260845
U-Net,laptev,30,rmse,0.176636134728396,0.1572224128707957,0.1991805914794206,282,5000,7,20260816,20260846
U-Net,east_siberian,1,rmse,0.0272016929306402,0.0224718845552229,0.0314988410818646,282,5000,7,20260816,20260817
U-Net,east_siberian,2,rmse,0.0417987473586863,0.0345901835619462,0.0481491431892653,282,5000,7,20260816,20260818
U-Net,east_siberian,3,rmse,0.0520054025704891,0.0429381879456851,0.0604675557502378,282,5000,7,20260816,20260819
U-Net,east_siberian,4,rmse,0.0602744836954333,0.0492013274882094,0.0695524237702464,282,5000,7,20260816,20260820
U-Net,east_siberian,5,rmse,0.0673034513648056,0.0551278096749428,0.0779412115560089,282,5000,7,20260816,20260821
U-Net,east_siberian,6,rmse,0.0734918934981577,0.0597959348804444,0.0849609660236119,282,5000,7,20260816,20260822
U-Net,east_siberian,7,rmse,0.0787016995302611,0.0644332242259889,0.0908009761425234,282,5000,7,20260816,20260823
U-Net,east_siberian,8,rmse,0.0835203694737545,0.0686540694994336,0.0965708586195042,282,5000,7,20260816,20260824
U-Net,east_siberian,9,rmse,0.0882332244463395,0.0717041673651874,0.1017928547149833,282,5000,7,20260816,20260825
U-Net,east_siberian,10,rmse,0.0929138338765898,0.0748672851188458,0.1073391571154943,282,5000,7,20260816,20260826
U-Net,east_siberian,11,rmse,0.0968854145410086,0.0777677094243723,0.1120766250581834,282,5000,7,20260816,20260827
U-Net,east_siberian,12,rmse,0.1006474507225351,0.0804431440462251,0.1166463858482235,282,5000,7,20260816,20260828
U-Net,east_siberian,13,rmse,0.1043034413681538,0.0833234023568173,0.1219168125275943,282,5000,7,20260816,20260829
U-Net,east_siberian,14,rmse,0.1073949615289045,0.085417649241246,0.1264997095481477,282,5000,7,20260816,20260830
U-Net,east_siberian,15,rmse,0.1106642172230467,0.0872965801389813,0.1303398330011352,282,5000,7,20260816,20260831
U-Net,east_siberian,16,rmse,0.1136180427971756,0.0890984692549195,0.1339977589939468,282,5000,7,20260816,20260832
U-Net,east_siberian,17,rmse,0.1166117855256131,0.0912014216049525,0.1383316350345786,282,5000,7,20260816,20260833
U-Net,east_siberian,18,rmse,0.1201597578949644,0.0932838772812582,0.1419466178315227,282,5000,7,20260816,20260834
U-Net,east_siberian,19,rmse,0.1232876755908604,0.0951472644589224,0.1463416300418844,282,5000,7,20260816,20260835
U-Net,east_siberian,20,rmse,0.126360846925764,0.0967769556783758,0.1493243905761552,282,5000,7,20260816,20260836
U-Net,east_siberian,21,rmse,0.1293938602975352,0.0984833944675961,0.1538749009441425,282,5000,7,20260816,20260837
U-Net,east_siberian,22,rmse,0.1322369348151527,0.1010425582383799,0.157188519255073,282,5000,7,20260816,20260838
U-Net,east_siberian,23,rmse,0.1350507751533882,0.102740198251784,0.1606183377652799,282,5000,7,20260816,20260839
U-Net,east_siberian,24,rmse,0.1377077381544807,0.104230707687388,0.1623707650364769,282,5000,7,20260816,20260840
U-Net,east_siberian,25,rmse,0.1410900497157878,0.10708005026554,0.1671186789680984,282,5000,7,20260816,20260841
U-Net,east_siberian,26,rmse,0.144002589708815,0.1093173813552339,0.1692936076572446,282,5000,7,20260816,20260842
U-Net,east_siberian,27,rmse,0.147256835138324,0.1114889724980818,0.1728284554388286,282,5000,7,20260816,20260843
U-Net,east_siberian,28,rmse,0.1508734251401211,0.1142982656422414,0.1763584091912787,282,5000,7,20260816,20260844
U-Net,east_siberian,29,rmse,0.1541679416787549,0.11696607489889,0.1809170625871038,282,5000,7,20260816,20260845
U-Net,east_siberian,30,rmse,0.157800934572679,0.1197672561442805,0.1853111214358764,282,5000,7,20260816,20260846
U-Net,chukchi,1,rmse,0.0219198700703218,0.0167208821580524,0.0257368484841109,282,5000,7,20260816,20260817
U-Net,chukchi,2,rmse,0.0328663132438981,0.0240815739099044,0.0394527889681046,282,5000,7,20260816,20260818
U-Net,chukchi,3,rmse,0.0402574537682227,0.0291170593568548,0.0488155726952707,282,5000,7,20260816,20260819
U-Net,chukchi,4,rmse,0.0461616498258409,0.0327308100168082,0.0562838744279839,282,5000,7,20260816,20260820
U-Net,chukchi,5,rmse,0.0513487527500742,0.0359802974168925,0.0627799997120698,282,5000,7,20260816,20260821
U-Net,chukchi,6,rmse,0.0559962766752041,0.0387044588275096,0.0686019017371697,282,5000,7,20260816,20260822
U-Net,chukchi,7,rmse,0.0605667064228355,0.0411953690909391,0.0735280631570317,282,5000,7,20260816,20260823
U-Net,chukchi,8,rmse,0.0648625150668861,0.0438669185687636,0.0786968281179089,282,5000,7,20260816,20260824
U-Net,chukchi,9,rmse,0.0687774874046568,0.0453659558350622,0.083193453350975,282,5000,7,20260816,20260825
U-Net,chukchi,10,rmse,0.0724941852331755,0.0472741090671426,0.0884198047668261,282,5000,7,20260816,20260826
U-Net,chukchi,11,rmse,0.075850602759263,0.049691378265267,0.0919643606892931,282,5000,7,20260816,20260827
U-Net,chukchi,12,rmse,0.0790387853001,0.0527902935187108,0.0962852904567012,282,5000,7,20260816,20260828
U-Net,chukchi,13,rmse,0.0821491393961852,0.0551079903311051,0.099615566968355,282,5000,7,20260816,20260829
U-Net,chukchi,14,rmse,0.0849799974214394,0.0573673892532019,0.103198705738164,282,5000,7,20260816,20260830
U-Net,chukchi,15,rmse,0.0879515276291237,0.0582233880903829,0.105886445311864,282,5000,7,20260816,20260831
U-Net,chukchi,16,rmse,0.0908612495150938,0.0618651869733029,0.109279055341408,282,5000,7,20260816,20260832
U-Net,chukchi,17,rmse,0.093518204707901,0.0636201043240709,0.1116420598078706,282,5000,7,20260816,20260833
U-Net,chukchi,18,rmse,0.0963030626308126,0.0673455498865885,0.1141074739821524,282,5000,7,20260816,20260834
U-Net,chukchi,19,rmse,0.0989366365472348,0.0696406045109424,0.1170536118522018,282,5000,7,20260816,20260835
U-Net,chukchi,20,rmse,0.1016709189016268,0.0727124828873019,0.1189216906620989,282,5000,7,20260816,20260836
U-Net,chukchi,21,rmse,0.103686511455303,0.0746910532622521,0.1211440558202576,282,5000,7,20260816,20260837
U-Net,chukchi,22,rmse,0.1059778358430565,0.0767191968992724,0.1231764998983528,282,5000,7,20260816,20260838
U-Net,chukchi,23,rmse,0.1080864614678792,0.0779950108325792,0.1253289374913045,282,5000,7,20260816,20260839
U-Net,chukchi,24,rmse,0.1102387280071455,0.0797067369868135,0.1270470535918916,282,5000,7,20260816,20260840
U-Net,chukchi,25,rmse,0.1129693238914768,0.0830616329200719,0.1306144712382636,282,5000,7,20260816,20260841
U-Net,chukchi,26,rmse,0.1149585583756592,0.0844397806837167,0.1333629707611746,282,5000,7,20260816,20260842
U-Net,chukchi,27,rmse,0.1175674476764691,0.0864843160510763,0.136861463688123,282,5000,7,20260816,20260843
U-Net,chukchi,28,rmse,0.1204029926052962,0.0877659583091492,0.1401946682378168,282,5000,7,20260816,20260844
U-Net,chukchi,29,rmse,0.1234878444067908,0.0914938560188085,0.1440743112453341,282,5000,7,20260816,20260845
U-Net,chukchi,30,rmse,0.1266251670285972,0.0944687832481056,0.1481156815706956,282,5000,7,20260816,20260846
U-Net,pan_arctic,1,r,0.9968674374391836,0.9965160203972488,0.9972941633078806,282,5000,7,20260816,20260817
U-Net,pan_arctic,2,r,0.99361405487225,0.9930785892602172,0.994371093383982,282,5000,7,20260816,20260818
U-Net,pan_arctic,3,r,0.990648824116276,0.9899341221869964,0.9916652390788678,282,5000,7,20260816,20260819
U-Net,pan_arctic,4,r,0.987959585633048,0.9871223081338976,0.9891711943265534,282,5000,7,20260816,20260820
U-Net,pan_arctic,5,r,0.98545542289176,0.9844981159594112,0.9868259446285512,282,5000,7,20260816,20260821
U-Net,pan_arctic,6,r,0.983066149315752,0.9819320101557292,0.9847130178584528,282,5000,7,20260816,20260822
U-Net,pan_arctic,7,r,0.9807450523869424,0.9795092712910284,0.9825693073239428,282,5000,7,20260816,20260823
U-Net,pan_arctic,8,r,0.978552630879738,0.9772088142964828,0.98084721413104,282,5000,7,20260816,20260824
U-Net,pan_arctic,9,r,0.9764392398327404,0.9749897179584516,0.9790874046201926,282,5000,7,20260816,20260825
U-Net,pan_arctic,10,r,0.9744001299074802,0.9726276611378856,0.9774791539356328,282,5000,7,20260816,20260826
U-Net,pan_arctic,11,r,0.9725011305481964,0.9703908862611598,0.9759047908752037,282,5000,7,20260816,20260827
U-Net,pan_arctic,12,r,0.9707547069765864,0.9681762905466008,0.9744957546467508,282,5000,7,20260816,20260828
U-Net,pan_arctic,13,r,0.9690114518847917,0.9658604875543422,0.9732324937486,282,5000,7,20260816,20260829
U-Net,pan_arctic,14,r,0.9672891336214788,0.9635804495229806,0.9719425424605171,282,5000,7,20260816,20260830
U-Net,pan_arctic,15,r,0.9655360257608464,0.961244871843648,0.970630349300532,282,5000,7,20260816,20260831
U-Net,pan_arctic,16,r,0.963857015747331,0.959171563335597,0.9692115585670896,282,5000,7,20260816,20260832
U-Net,pan_arctic,17,r,0.96207499412507,0.9569510379155745,0.9679800056405624,282,5000,7,20260816,20260833
U-Net,pan_arctic,18,r,0.9603619866347136,0.9546599157481572,0.966759471674446,282,5000,7,20260816,20260834
U-Net,pan_arctic,19,r,0.9586067633893678,0.952577795797567,0.9654187536167674,282,5000,7,20260816,20260835
U-Net,pan_arctic,20,r,0.956722305003664,0.9503470456515436,0.9640882915225272,282,5000,7,20260816,20260836
U-Net,pan_arctic,21,r,0.9550499053363553,0.9480000204272412,0.9628178104191188,282,5000,7,20260816,20260837
U-Net,pan_arctic,22,r,0.9532608646999274,0.945954143920517,0.961599455945686,282,5000,7,20260816,20260838
U-Net,pan_arctic,23,r,0.9515607070583282,0.9439568057719006,0.9606204369063276,282,5000,7,20260816,20260839
U-Net,pan_arctic,24,r,0.9498856646300154,0.9420976306725354,0.9596115671954374,282,5000,7,20260816,20260840
U-Net,pan_arctic,25,r,0.9482711425383886,0.9399773194731396,0.9585480672755098,282,5000,7,20260816,20260841
U-Net,pan_arctic,26,r,0.9467376992284808,0.9380491902453,0.9575157729005114,282,5000,7,20260816,20260842
U-Net,pan_arctic,27,r,0.9452020431521284,0.9365207263264396,0.9563931695424585,282,5000,7,20260816,20260843
U-Net,pan_arctic,28,r,0.9436206016618996,0.9344897435858946,0.9554225797841108,282,5000,7,20260816,20260844
U-Net,pan_arctic,29,r,0.9420343964511804,0.9326025995068122,0.954105246121176,282,5000,7,20260816,20260845
U-Net,pan_arctic,30,r,0.9405460669548,0.9308916958697993,0.9530266736624086,282,5000,7,20260816,20260846
U-Net,combined_nsr,1,r,0.9955107818124984,0.9950558042656772,0.996115018770878,282,5000,7,20260816,20260817
U-Net,combined_nsr,2,r,0.990014931298232,0.989099670446222,0.991180007260812,282,5000,7,20260816,20260818
U-Net,combined_nsr,3,r,0.9842703408731374,0.9828716168891272,0.9860261533565816,282,5000,7,20260816,20260819
U-Net,combined_nsr,4,r,0.9785500443739176,0.9765580476287516,0.980959791725756,282,5000,7,20260816,20260820
U-Net,combined_nsr,5,r,0.9729103914332492,0.9703306904556452,0.9759168990286012,282,5000,7,20260816,20260821
U-Net,combined_nsr,6,r,0.9673971015342236,0.9645300264734252,0.9710134009951908,282,5000,7,20260816,20260822
U-Net,combined_nsr,7,r,0.9620801335228226,0.9590593314767124,0.9662457149079424,282,5000,7,20260816,20260823
U-Net,combined_nsr,8,r,0.9568632384230804,0.9539622586137442,0.9614721229537644,282,5000,7,20260816,20260824
U-Net,combined_nsr,9,r,0.9519291438784698,0.94877527109952,0.9571452299963265,282,5000,7,20260816,20260825
U-Net,combined_nsr,10,r,0.947055460330958,0.9433434246924328,0.95272124098255,282,5000,7,20260816,20260826
U-Net,combined_nsr,11,r,0.942693912829485,0.93839865552522,0.9485927084737132,282,5000,7,20260816,20260827
U-Net,combined_nsr,12,r,0.938245710486156,0.9328917066975568,0.9445115945537716,282,5000,7,20260816,20260828
U-Net,combined_nsr,13,r,0.9341405812270162,0.927853977788863,0.9408219542333536,282,5000,7,20260816,20260829
U-Net,combined_nsr,14,r,0.9300086855603932,0.922672258984624,0.9371708849775948,282,5000,7,20260816,20260830
U-Net,combined_nsr,15,r,0.9257466148792952,0.9173800166456828,0.9334108786262612,282,5000,7,20260816,20260831
U-Net,combined_nsr,16,r,0.9218062716986266,0.9127657929165705,0.9297777678084838,282,5000,7,20260816,20260832
U-Net,combined_nsr,17,r,0.9177216699837308,0.9081885020262948,0.9264397622382904,282,5000,7,20260816,20260833
U-Net,combined_nsr,18,r,0.9135219542806208,0.9030210939881742,0.922974012401047,282,5000,7,20260816,20260834
U-Net,combined_nsr,19,r,0.9094338193808564,0.8985929135576248,0.919557835322962,282,5000,7,20260816,20260835
U-Net,combined_nsr,20,r,0.9050659805807358,0.8939742404944312,0.9161750751385196,282,5000,7,20260816,20260836
U-Net,combined_nsr,21,r,0.9011151523093052,0.8891412252383307,0.913317847140763,282,5000,7,20260816,20260837
U-Net,combined_nsr,22,r,0.897108768753872,0.8846566602883061,0.9103290266100896,282,5000,7,20260816,20260838
U-Net,combined_nsr,23,r,0.8930642781783743,0.8805615195960881,0.9075983089778986,282,5000,7,20260816,20260839
U-Net,combined_nsr,24,r,0.8895165872242407,0.8763898820054258,0.9054706328643002,282,5000,7,20260816,20260840
U-Net,combined_nsr,25,r,0.8860985115713526,0.8724431525562066,0.9031320834667022,282,5000,7,20260816,20260841
U-Net,combined_nsr,26,r,0.8829568094387223,0.8686999546630502,0.9012185543647784,282,5000,7,20260816,20260842
U-Net,combined_nsr,27,r,0.8795983564791132,0.8640689416076677,0.8991515863518661,282,5000,7,20260816,20260843
U-Net,combined_nsr,28,r,0.8761419868849861,0.8597061630424798,0.8966692044184102,282,5000,7,20260816,20260844
U-Net,combined_nsr,29,r,0.873278271397103,0.8565471061143378,0.8942017819192126,282,5000,7,20260816,20260845
U-Net,combined_nsr,30,r,0.8701814608504054,0.8523176920331472,0.891440189686036,282,5000,7,20260816,20260846
U-Net,barents,1,r,0.9799071297051468,0.9628859292754732,0.9964187565170736,282,5000,7,20260816,20260817
U-Net,barents,2,r,0.9664825726396054,0.9427111710729992,0.9929632560194444,282,5000,7,20260816,20260818
U-Net,barents,3,r,0.9524456703245168,0.9179016844100212,0.988621522384498,282,5000,7,20260816,20260819
U-Net,barents,4,r,0.9392128542951952,0.897549731469206,0.9852207565822846,282,5000,7,20260816,20260820
U-Net,barents,5,r,0.9264327247975424,0.8744050921430024,0.9811983443509198,282,5000,7,20260816,20260821
U-Net,barents,6,r,0.9155555040017168,0.857601419104382,0.9774628023695368,282,5000,7,20260816,20260822
U-Net,barents,7,r,0.9046260951475896,0.8396554845475203,0.9741542432827954,282,5000,7,20260816,20260823
U-Net,barents,8,r,0.8964043394166405,0.826714452772842,0.9704723860314526,282,5000,7,20260816,20260824
U-Net,barents,9,r,0.8892216934547195,0.817438057005492,0.9676368500404332,282,5000,7,20260816,20260825
U-Net,barents,10,r,0.882519113224059,0.8071443688640434,0.9644469936815278,282,5000,7,20260816,20260826
U-Net,barents,11,r,0.876386428580229,0.7956626114749344,0.9613624320764916,282,5000,7,20260816,20260827
U-Net,barents,12,r,0.8698701351432837,0.7869728056932099,0.9560195499052088,282,5000,7,20260816,20260828
U-Net,barents,13,r,0.863006312428382,0.7767970250846411,0.9536396171159546,282,5000,7,20260816,20260829
U-Net,barents,14,r,0.856765011846508,0.7665897180511259,0.9516529767234962,282,5000,7,20260816,20260830
U-Net,barents,15,r,0.8500915500309769,0.7585458338290373,0.9486855480485544,282,5000,7,20260816,20260831
U-Net,barents,16,r,0.8424576885186644,0.7475425203483996,0.9456513274438628,282,5000,7,20260816,20260832
U-Net,barents,17,r,0.8343529410549892,0.7355924289592298,0.9443290274428342,282,5000,7,20260816,20260833
U-Net,barents,18,r,0.8289614558086195,0.7265348351781691,0.941854820498121,282,5000,7,20260816,20260834
U-Net,barents,19,r,0.8214083986160284,0.7155633580632795,0.9381949613140362,282,5000,7,20260816,20260835
U-Net,barents,20,r,0.8142004439284902,0.703352860787219,0.937319809736746,282,5000,7,20260816,20260836
U-Net,barents,21,r,0.8070625244903676,0.6904351432593672,0.934398948863009,282,5000,7,20260816,20260837
U-Net,barents,22,r,0.7990243512359326,0.6797590140263495,0.9342361243408788,282,5000,7,20260816,20260838
U-Net,barents,23,r,0.7937346435210373,0.6724250841553608,0.932548382101108,282,5000,7,20260816,20260839
U-Net,barents,24,r,0.7876339978350462,0.6626156765706107,0.93162791815848,282,5000,7,20260816,20260840
U-Net,barents,25,r,0.7834218372523184,0.6543995157866205,0.929480148675438,282,5000,7,20260816,20260841
U-Net,barents,26,r,0.7685619886512399,0.6340736053272932,0.9274371832117232,282,5000,7,20260816,20260842
U-Net,barents,27,r,0.7691368818009882,0.6343597476093683,0.9263302868899606,282,5000,7,20260816,20260843
U-Net,barents,28,r,0.7618847119845901,0.6213340630049174,0.9242163522855108,282,5000,7,20260816,20260844
U-Net,barents,29,r,0.7505283047487789,0.6082891685397457,0.9217493509016628,282,5000,7,20260816,20260845
U-Net,barents,30,r,0.7471186278580225,0.605402293777998,0.920298061237644,282,5000,7,20260816,20260846
U-Net,kara,1,r,0.9925648694302298,0.990703166732543,0.9953174348842928,282,5000,7,20260816,20260817
U-Net,kara,2,r,0.9849758921082156,0.9808755345407022,0.9908221746355732,282,5000,7,20260816,20260818
U-Net,kara,3,r,0.976835249027167,0.9702397482211288,0.9858977082688464,282,5000,7,20260816,20260819
U-Net,kara,4,r,0.9686295812624012,0.9595707106114022,0.9810203548402118,282,5000,7,20260816,20260820
U-Net,kara,5,r,0.960508823735782,0.9483740624466824,0.9763636496267208,282,5000,7,20260816,20260821
U-Net,kara,6,r,0.9525574281752656,0.9372490537406332,0.9720806446556765,282,5000,7,20260816,20260822
U-Net,kara,7,r,0.943711087239395,0.9264268816749208,0.9682016774247032,282,5000,7,20260816,20260823
U-Net,kara,8,r,0.9358567292722866,0.9176289533492492,0.964382767380619,282,5000,7,20260816,20260824
U-Net,kara,9,r,0.9284251938100828,0.9068564774740596,0.9606040362564272,282,5000,7,20260816,20260825
U-Net,kara,10,r,0.9209164296626812,0.8938377640359576,0.9570527675003752,282,5000,7,20260816,20260826
U-Net,kara,11,r,0.9144274709203946,0.8828218388473563,0.9545031617759484,282,5000,7,20260816,20260827
U-Net,kara,12,r,0.908919354551064,0.8690377966254244,0.9507960448558176,282,5000,7,20260816,20260828
U-Net,kara,13,r,0.9036800761937668,0.8564925574154373,0.9492743405462089,282,5000,7,20260816,20260829
U-Net,kara,14,r,0.898551691564738,0.8454371611280531,0.9473163560331652,282,5000,7,20260816,20260830
U-Net,kara,15,r,0.8932600896399273,0.8340501499656796,0.9456209986644492,282,5000,7,20260816,20260831
U-Net,kara,16,r,0.8878633308364087,0.8248310782147936,0.9417952399203248,282,5000,7,20260816,20260832
U-Net,kara,17,r,0.882446083360353,0.8139429551768597,0.9413010901953988,282,5000,7,20260816,20260833
U-Net,kara,18,r,0.876813465588396,0.8031404538743384,0.9383414265739888,282,5000,7,20260816,20260834
U-Net,kara,19,r,0.8719604690159422,0.7931942787300862,0.9360051490852562,282,5000,7,20260816,20260835
U-Net,kara,20,r,0.8671598589312378,0.787254361350052,0.9355738623709962,282,5000,7,20260816,20260836
U-Net,kara,21,r,0.8623738182454415,0.7765206879328962,0.932537473328959,282,5000,7,20260816,20260837
U-Net,kara,22,r,0.8567778177224803,0.7699864984813616,0.9324433366165086,282,5000,7,20260816,20260838
U-Net,kara,23,r,0.8512366160542882,0.762437130415692,0.9319955195992784,282,5000,7,20260816,20260839
U-Net,kara,24,r,0.8455762822846051,0.7575115441854047,0.9322544853991728,282,5000,7,20260816,20260840
U-Net,kara,25,r,0.840154874179294,0.7514535098932654,0.9316317209459698,282,5000,7,20260816,20260841
U-Net,kara,26,r,0.8334784587334196,0.7435049781614462,0.9306925865121156,282,5000,7,20260816,20260842
U-Net,kara,27,r,0.8303444918607976,0.7434767618398197,0.929765165509303,282,5000,7,20260816,20260843
U-Net,kara,28,r,0.8250430206041227,0.7365508525421938,0.9290924553318866,282,5000,7,20260816,20260844
U-Net,kara,29,r,0.8195676088968886,0.7272301809084153,0.9266771691148876,282,5000,7,20260816,20260845
U-Net,kara,30,r,0.815854087891395,0.7269951511942904,0.9258011088358832,282,5000,7,20260816,20260846
U-Net,laptev,1,r,0.9958649424097672,0.9945510921135072,0.9971908104427988,282,5000,7,20260816,20260817
U-Net,laptev,2,r,0.9909709217676684,0.9886542136413043,0.9938688336938176,282,5000,7,20260816,20260818
U-Net,laptev,3,r,0.9861028001498824,0.9830746507568396,0.9902900719561708,282,5000,7,20260816,20260819
U-Net,laptev,4,r,0.9812778319452516,0.977235323057308,0.9866552563570116,282,5000,7,20260816,20260820
U-Net,laptev,5,r,0.9763498333507016,0.971507684711348,0.9829804848194026,282,5000,7,20260816,20260821
U-Net,laptev,6,r,0.971491150534342,0.9657226038174151,0.979521047230136,282,5000,7,20260816,20260822
U-Net,laptev,7,r,0.9666154430556592,0.9601519570200217,0.975386963786183,282,5000,7,20260816,20260823
U-Net,laptev,8,r,0.961822551041,0.9550253639991972,0.9713792122291992,282,5000,7,20260816,20260824
U-Net,laptev,9,r,0.9575141231677218,0.9505277370987764,0.9672345069797827,282,5000,7,20260816,20260825
U-Net,laptev,10,r,0.9530164459472068,0.9447494485163368,0.9637241292525398,282,5000,7,20260816,20260826
U-Net,laptev,11,r,0.9491887850799232,0.9401872992564224,0.9597592619159728,282,5000,7,20260816,20260827
U-Net,laptev,12,r,0.9451091644713884,0.9348487852032504,0.9562516817737196,282,5000,7,20260816,20260828
U-Net,laptev,13,r,0.9413815076717124,0.9298642448219492,0.9525122355448165,282,5000,7,20260816,20260829
U-Net,laptev,14,r,0.9373187658618112,0.9248147566946217,0.9489152494161688,282,5000,7,20260816,20260830
U-Net,laptev,15,r,0.9329593909516752,0.918962140029336,0.9452716560717273,282,5000,7,20260816,20260831
U-Net,laptev,16,r,0.9287498908988132,0.9142179345414227,0.9417452444230346,282,5000,7,20260816,20260832
U-Net,laptev,17,r,0.9240625651693978,0.9084802423072942,0.937922430269529,282,5000,7,20260816,20260833
U-Net,laptev,18,r,0.9191569113385925,0.902167105362549,0.9340495936653106,282,5000,7,20260816,20260834
U-Net,laptev,19,r,0.9143134977319736,0.8967606025468399,0.93091396625572,282,5000,7,20260816,20260835
U-Net,laptev,20,r,0.9090947500585328,0.8914279036527472,0.9270711449148752,282,5000,7,20260816,20260836
U-Net,laptev,21,r,0.904405835881065,0.8862202540429381,0.9230761828028168,282,5000,7,20260816,20260837
U-Net,laptev,22,r,0.8993968702389054,0.881094898464298,0.91966624572054,282,5000,7,20260816,20260838
U-Net,laptev,23,r,0.8934159829343048,0.8744324844456328,0.9152190130828212,282,5000,7,20260816,20260839
U-Net,laptev,24,r,0.8878896154502454,0.8694405597377541,0.912443559837699,282,5000,7,20260816,20260840
U-Net,laptev,25,r,0.882846919629386,0.8636508829402447,0.908979875826456,282,5000,7,20260816,20260841
U-Net,laptev,26,r,0.878239729066757,0.8589651456277272,0.9050945730237648,282,5000,7,20260816,20260842
U-Net,laptev,27,r,0.8718205659101134,0.8524121226537981,0.900952655384428,282,5000,7,20260816,20260843
U-Net,laptev,28,r,0.8651998883959479,0.8459277592887443,0.8966619894693807,282,5000,7,20260816,20260844
U-Net,laptev,29,r,0.8594468611141587,0.8400015040632761,0.8926412114104446,282,5000,7,20260816,20260845
U-Net,laptev,30,r,0.8506330922808997,0.8310364919287516,0.8887058608037713,282,5000,7,20260816,20260846
U-Net,east_siberian,1,r,0.991504342487222,0.9883263480661966,0.9952603798320692,282,5000,7,20260816,20260817
U-Net,east_siberian,2,r,0.9816355690266898,0.9741815366784952,0.9896607235124992,282,5000,7,20260816,20260818
U-Net,east_siberian,3,r,0.9722745711879088,0.9608435236124502,0.984262077416114,282,5000,7,20260816,20260819
U-Net,east_siberian,4,r,0.9635568748269504,0.9478757354639812,0.9797149527431184,282,5000,7,20260816,20260820
U-Net,east_siberian,5,r,0.955791860448956,0.936217828532408,0.975406841881314,282,5000,7,20260816,20260821
U-Net,east_siberian,6,r,0.9486639726149496,0.9261247341603884,0.9718062290457188,282,5000,7,20260816,20260822
U-Net,east_siberian,7,r,0.9425601551187366,0.9178159554448234,0.9671924024688704,282,5000,7,20260816,20260823
U-Net,east_siberian,8,r,0.9369052600142854,0.9107207803560892,0.9632104037820268,282,5000,7,20260816,20260824
U-Net,east_siberian,9,r,0.9315691814897102,0.9044256106601332,0.9591271228091018,282,5000,7,20260816,20260825
U-Net,east_siberian,10,r,0.9258767567143852,0.8973816074787736,0.956228906564513,282,5000,7,20260816,20260826
U-Net,east_siberian,11,r,0.9214445777826068,0.891768400038437,0.9524338433327082,282,5000,7,20260816,20260827
U-Net,east_siberian,12,r,0.9168104082896188,0.8858385809835431,0.9501743887141234,282,5000,7,20260816,20260828
U-Net,east_siberian,13,r,0.9125864985216804,0.8802749147712026,0.9455353209496632,282,5000,7,20260816,20260829
U-Net,east_siberian,14,r,0.9087031420179028,0.8747824451918373,0.9432776664862104,282,5000,7,20260816,20260830
U-Net,east_siberian,15,r,0.9042826107104468,0.8675170555858557,0.9414473881355648,282,5000,7,20260816,20260831
U-Net,east_siberian,16,r,0.9005222903883716,0.8643706891982625,0.9377309027911804,282,5000,7,20260816,20260832
U-Net,east_siberian,17,r,0.8960554517443019,0.8579187143076238,0.934919163320736,282,5000,7,20260816,20260833
U-Net,east_siberian,18,r,0.8914696510009436,0.853567590804708,0.9304113785342688,282,5000,7,20260816,20260834
U-Net,east_siberian,19,r,0.8866304268623775,0.849937703285071,0.929063327400168,282,5000,7,20260816,20260835
U-Net,east_siberian,20,r,0.8811626502804786,0.8438278121138567,0.925571097562715,282,5000,7,20260816,20260836
U-Net,east_siberian,21,r,0.8762487376102446,0.8396315207570679,0.9217492941429274,282,5000,7,20260816,20260837
U-Net,east_siberian,22,r,0.8710183189791565,0.8324328326030447,0.91767919519427,282,5000,7,20260816,20260838
U-Net,east_siberian,23,r,0.8651212432973903,0.8269610625198757,0.9147141090634348,282,5000,7,20260816,20260839
U-Net,east_siberian,24,r,0.8590016031721335,0.8208037752113089,0.9111356284751688,282,5000,7,20260816,20260840
U-Net,east_siberian,25,r,0.8532435698486944,0.8140076224081273,0.906183708378501,282,5000,7,20260816,20260841
U-Net,east_siberian,26,r,0.8484699133932689,0.8104382764498735,0.902502047775966,282,5000,7,20260816,20260842
U-Net,east_siberian,27,r,0.8413981685359456,0.8030320169468831,0.8969635097873943,282,5000,7,20260816,20260843
U-Net,east_siberian,28,r,0.835168980716062,0.7976475781842538,0.8915753757646822,282,5000,7,20260816,20260844
U-Net,east_siberian,29,r,0.8291371303209489,0.7912053827759364,0.8870969809451779,282,5000,7,20260816,20260845
U-Net,east_siberian,30,r,0.8221849055555657,0.7829105950630473,0.8810522078544466,282,5000,7,20260816,20260846
U-Net,chukchi,1,r,0.9897176362807808,0.9829810742019288,0.9941156446086836,282,5000,7,20260816,20260817
U-Net,chukchi,2,r,0.9767347535851252,0.9591272441629742,0.9877947482820012,282,5000,7,20260816,20260818
U-Net,chukchi,3,r,0.9640418789570456,0.9354617312543936,0.982320391733434,282,5000,7,20260816,20260819
U-Net,chukchi,4,r,0.9525497782713538,0.9135972834162857,0.9763360175567428,282,5000,7,20260816,20260820
U-Net,chukchi,5,r,0.9453192445981125,0.9064949228232756,0.9711159480510768,282,5000,7,20260816,20260821
U-Net,chukchi,6,r,0.9372495116892916,0.8946306583657314,0.966086615575842,282,5000,7,20260816,20260822
U-Net,chukchi,7,r,0.9347269979555712,0.9010846362462706,0.9614319891276492,282,5000,7,20260816,20260823
U-Net,chukchi,8,r,0.9287433655001796,0.8972477532860245,0.956060656924659,282,5000,7,20260816,20260824
U-Net,chukchi,9,r,0.9247618139575072,0.8956421249547971,0.9519733381962252,282,5000,7,20260816,20260825
U-Net,chukchi,10,r,0.9188244975903076,0.890189034368906,0.9470866636890622,282,5000,7,20260816,20260826
U-Net,chukchi,11,r,0.91634919290783,0.8908478146952425,0.943080251903608,282,5000,7,20260816,20260827
U-Net,chukchi,12,r,0.9108645352007354,0.8846242134307205,0.9387210233803404,282,5000,7,20260816,20260828
U-Net,chukchi,13,r,0.9061507252903358,0.8784577686463132,0.9354846470800984,282,5000,7,20260816,20260829
U-Net,chukchi,14,r,0.9031640936262324,0.8756697842595338,0.93281853181189,282,5000,7,20260816,20260830
U-Net,chukchi,15,r,0.899029695124114,0.8694533060511576,0.9286437725969756,282,5000,7,20260816,20260831
U-Net,chukchi,16,r,0.8945430767390739,0.8629481219898613,0.9244701801136236,282,5000,7,20260816,20260832
U-Net,chukchi,17,r,0.8909723628291414,0.8570124659020301,0.9215146144115562,282,5000,7,20260816,20260833
U-Net,chukchi,18,r,0.8856094390340591,0.8492848332484493,0.9173484282758144,282,5000,7,20260816,20260834
U-Net,chukchi,19,r,0.8812977849788812,0.8418589717155014,0.9144916010002712,282,5000,7,20260816,20260835
U-Net,chukchi,20,r,0.8764055745352256,0.835566999139076,0.9092286067532028,282,5000,7,20260816,20260836
U-Net,chukchi,21,r,0.8725293705191327,0.8297708500750072,0.905581491880147,282,5000,7,20260816,20260837
U-Net,chukchi,22,r,0.8680418199730954,0.824692012800091,0.9009885480848712,282,5000,7,20260816,20260838
U-Net,chukchi,23,r,0.8631463539475943,0.8188716465337001,0.896785597852083,282,5000,7,20260816,20260839
U-Net,chukchi,24,r,0.8585862205686045,0.8122128634803591,0.8929300223475718,282,5000,7,20260816,20260840
U-Net,chukchi,25,r,0.8533711950331528,0.8051503291027872,0.887483722515647,282,5000,7,20260816,20260841
U-Net,chukchi,26,r,0.8483175926313666,0.7988006718910302,0.8829638318841396,282,5000,7,20260816,20260842
U-Net,chukchi,27,r,0.8436135816875534,0.7927164255182805,0.8780136343470141,282,5000,7,20260816,20260843
U-Net,chukchi,28,r,0.8379902217150293,0.7862734228666882,0.8735569177655453,282,5000,7,20260816,20260844
U-Net,chukchi,29,r,0.8331425777601585,0.7814930729780777,0.8694846291515343,282,5000,7,20260816,20260845
U-Net,chukchi,30,r,0.8279791652008128,0.7734877417045907,0.8652158582099029,282,5000,7,20260816,20260846
GNN,pan_arctic,1,rmse,0.0274441538643992,0.0251498350636653,0.0291285599130616,282,5000,7,20260816,20260817
GNN,pan_arctic,2,rmse,0.0409072132664267,0.0380063520363244,0.0427591091805443,282,5000,7,20260816,20260818
GNN,pan_arctic,3,rmse,0.0515786939958151,0.0482141204883085,0.0536582139331753,282,5000,7,20260816,20260819
GNN,pan_arctic,4,rmse,0.0607492465440739,0.0568547333680533,0.0630823513822708,282,5000,7,20260816,20260820
GNN,pan_arctic,5,rmse,0.0690559589041284,0.0647817549566006,0.0716417253462313,282,5000,7,20260816,20260821
GNN,pan_arctic,6,rmse,0.0768349147042358,0.0721207355161468,0.0798112648602215,282,5000,7,20260816,20260822
GNN,pan_arctic,7,rmse,0.0845497132261579,0.0793348250871603,0.0877101998312393,282,5000,7,20260816,20260823
GNN,pan_arctic,8,rmse,0.0913645849384644,0.0857599273059432,0.0945314128299998,282,5000,7,20260816,20260824
GNN,pan_arctic,9,rmse,0.0978442494910039,0.0914869835369686,0.1012330483699421,282,5000,7,20260816,20260825
GNN,pan_arctic,10,rmse,0.1038376157350966,0.0968501803510499,0.1072686155556932,282,5000,7,20260816,20260826
GNN,pan_arctic,11,rmse,0.1093731723944129,0.1021080407023236,0.1128608824310987,282,5000,7,20260816,20260827
GNN,pan_arctic,12,rmse,0.1154437616014841,0.1073240816555384,0.1195360863017954,282,5000,7,20260816,20260828
GNN,pan_arctic,13,rmse,0.1207474040468911,0.1122768488955216,0.1251577097877353,282,5000,7,20260816,20260829
GNN,pan_arctic,14,rmse,0.1266561159669928,0.1177451702009737,0.1315219611437056,282,5000,7,20260816,20260830
GNN,pan_arctic,15,rmse,0.1320706490232372,0.1223023185847018,0.1373315788941719,282,5000,7,20260816,20260831
GNN,pan_arctic,16,rmse,0.1368139567296344,0.1268961037009365,0.1422775401689367,282,5000,7,20260816,20260832
GNN,pan_arctic,17,rmse,0.1422524698710739,0.1317026239268406,0.14777993667618,282,5000,7,20260816,20260833
GNN,pan_arctic,18,rmse,0.1470840977383842,0.1356812933783552,0.1532501044430231,282,5000,7,20260816,20260834
GNN,pan_arctic,19,rmse,0.1518541474307901,0.1397038307910558,0.1580657113441131,282,5000,7,20260816,20260835
GNN,pan_arctic,20,rmse,0.1564541559032726,0.1438465736433961,0.1627631234558797,282,5000,7,20260816,20260836
GNN,pan_arctic,21,rmse,0.1614316764474773,0.1484810539752437,0.1680849968713648,282,5000,7,20260816,20260837
GNN,pan_arctic,22,rmse,0.165427638664541,0.1517946421767564,0.1720905957928706,282,5000,7,20260816,20260838
GNN,pan_arctic,23,rmse,0.1699694772783184,0.1564110718821632,0.176909132156098,282,5000,7,20260816,20260839
GNN,pan_arctic,24,rmse,0.1744975301492776,0.1601049742827081,0.1812976947662279,282,5000,7,20260816,20260840
GNN,pan_arctic,25,rmse,0.1789786696672026,0.1642997221631081,0.1862645974436875,282,5000,7,20260816,20260841
GNN,pan_arctic,26,rmse,0.1830161584422746,0.1672761963808792,0.1900723160950181,282,5000,7,20260816,20260842
GNN,pan_arctic,27,rmse,0.1878112605737504,0.1716777582741067,0.1950218559801909,282,5000,7,20260816,20260843
GNN,pan_arctic,28,rmse,0.1924710538866611,0.175798104738144,0.1997528845839437,282,5000,7,20260816,20260844
GNN,pan_arctic,29,rmse,0.1970380081110442,0.1800568744962375,0.2043357726225341,282,5000,7,20260816,20260845
GNN,pan_arctic,30,rmse,0.201287091438946,0.1839201228725527,0.2091752941322195,282,5000,7,20260816,20260846
GNN,combined_nsr,1,rmse,0.0252746163918697,0.0222404626751903,0.027406053208114,282,5000,7,20260816,20260817
GNN,combined_nsr,2,rmse,0.0388498698262308,0.0345616315219596,0.0417271670522606,282,5000,7,20260816,20260818
GNN,combined_nsr,3,rmse,0.0502615316943214,0.0450293655859813,0.0537189208781322,282,5000,7,20260816,20260819
GNN,combined_nsr,4,rmse,0.0605031404518587,0.0542914443903389,0.0648592102393074,282,5000,7,20260816,20260820
GNN,combined_nsr,5,rmse,0.0699684485535966,0.0626447813030007,0.0748012209901905,282,5000,7,20260816,20260821
GNN,combined_nsr,6,rmse,0.0786585301095897,0.0705413786469345,0.0843033377699395,282,5000,7,20260816,20260822
GNN,combined_nsr,7,rmse,0.0873558563044637,0.0782481843414921,0.0933998659132167,282,5000,7,20260816,20260823
GNN,combined_nsr,8,rmse,0.0947295840916346,0.084998355057677,0.1010080996303122,282,5000,7,20260816,20260824
GNN,combined_nsr,9,rmse,0.1018324168731684,0.0911697792546618,0.1083875218800682,282,5000,7,20260816,20260825
GNN,combined_nsr,10,rmse,0.1083840425432235,0.096868618395557,0.1150614244423561,282,5000,7,20260816,20260826
GNN,combined_nsr,11,rmse,0.114202729410477,0.1021912963164927,0.121475158886716,282,5000,7,20260816,20260827
GNN,combined_nsr,12,rmse,0.1207131228250871,0.1076738964781776,0.1284128709678119,282,5000,7,20260816,20260828
GNN,combined_nsr,13,rmse,0.126405487718043,0.1127584308460981,0.1348536098014596,282,5000,7,20260816,20260829
GNN,combined_nsr,14,rmse,0.1331833667612638,0.1186590877212226,0.1418569990554652,282,5000,7,20260816,20260830
GNN,combined_nsr,15,rmse,0.1390344097561057,0.1235245184785296,0.1483628387096954,282,5000,7,20260816,20260831
GNN,combined_nsr,16,rmse,0.1440738497291411,0.1280279558098115,0.1534222090642792,282,5000,7,20260816,20260832
GNN,combined_nsr,17,rmse,0.1499102557582399,0.1328837500446688,0.1597722962821368,282,5000,7,20260816,20260833
GNN,combined_nsr,18,rmse,0.1549434452705348,0.136910997518165,0.1654668487940573,282,5000,7,20260816,20260834
GNN,combined_nsr,19,rmse,0.1600375624736662,0.1406473645864166,0.170106348067152,282,5000,7,20260816,20260835
GNN,combined_nsr,20,rmse,0.1650224337006767,0.1453902860054501,0.1750204330862714,282,5000,7,20260816,20260836
GNN,combined_nsr,21,rmse,0.170588624536761,0.1497628570447377,0.1813258081567671,282,5000,7,20260816,20260837
GNN,combined_nsr,22,rmse,0.1745293632948813,0.153437052029141,0.185170410551145,282,5000,7,20260816,20260838
GNN,combined_nsr,23,rmse,0.1794142320026824,0.1577906783332409,0.1893036240093487,282,5000,7,20260816,20260839
GNN,combined_nsr,24,rmse,0.1845176230538833,0.161915659351016,0.1942769667400004,282,5000,7,20260816,20260840
GNN,combined_nsr,25,rmse,0.1894626832914066,0.1659689189631624,0.200416724049505,282,5000,7,20260816,20260841
GNN,combined_nsr,26,rmse,0.1936080064129532,0.1694979737626132,0.2034939471230299,282,5000,7,20260816,20260842
GNN,combined_nsr,27,rmse,0.1993546837990723,0.1744152741854375,0.209762091714192,282,5000,7,20260816,20260843
GNN,combined_nsr,28,rmse,0.2047343184780734,0.1786997326939899,0.2150639454218496,282,5000,7,20260816,20260844
GNN,combined_nsr,29,rmse,0.2100528977550854,0.1842810910169191,0.2202220317265387,282,5000,7,20260816,20260845
GNN,combined_nsr,30,rmse,0.215042292718871,0.1878099029362712,0.2259635070559356,282,5000,7,20260816,20260846
GNN,barents,1,rmse,0.0116752471445114,0.0079526575966157,0.0141207744108665,282,5000,7,20260816,20260817
GNN,barents,2,rmse,0.0173522753510948,0.011712975983941,0.0210397115169094,282,5000,7,20260816,20260818
GNN,barents,3,rmse,0.0221804536210093,0.0151824180696024,0.0269031098443587,282,5000,7,20260816,20260819
GNN,barents,4,rmse,0.0265807774834556,0.018125858204842,0.0328374628715924,282,5000,7,20260816,20260820
GNN,barents,5,rmse,0.0305061207668595,0.0204572046140661,0.0376763219135764,282,5000,7,20260816,20260821
GNN,barents,6,rmse,0.0339772163041195,0.0230250152629353,0.041687922307992,282,5000,7,20260816,20260822
GNN,barents,7,rmse,0.0373034428381149,0.0248266523575084,0.0463269254722622,282,5000,7,20260816,20260823
GNN,barents,8,rmse,0.0401021744768638,0.0268632076887101,0.0493721867056546,282,5000,7,20260816,20260824
GNN,barents,9,rmse,0.0424012242958383,0.0285584513450805,0.0524541692412244,282,5000,7,20260816,20260825
GNN,barents,10,rmse,0.0444525773269606,0.029516942114982,0.0558695644861739,282,5000,7,20260816,20260826
GNN,barents,11,rmse,0.0462123869835855,0.0306136625811314,0.0581645338979654,282,5000,7,20260816,20260827
GNN,barents,12,rmse,0.0485596247875093,0.0320953187894652,0.0609505512815593,282,5000,7,20260816,20260828
GNN,barents,13,rmse,0.0505375555805873,0.0332766011827076,0.0644023882602876,282,5000,7,20260816,20260829
GNN,barents,14,rmse,0.0530679347134929,0.0353528467926818,0.0669201159192818,282,5000,7,20260816,20260830
GNN,barents,15,rmse,0.0554776398386056,0.036610234295743,0.0707468218133959,282,5000,7,20260816,20260831
GNN,barents,16,rmse,0.0573647672839795,0.0378286746983516,0.0731371678315925,282,5000,7,20260816,20260832
GNN,barents,17,rmse,0.0598660295190041,0.0396515643489666,0.0773897106337115,282,5000,7,20260816,20260833
GNN,barents,18,rmse,0.0619000217679842,0.0415013369712285,0.0795552357821615,282,5000,7,20260816,20260834
GNN,barents,19,rmse,0.0639548314057945,0.0415471693965882,0.0822636390281749,282,5000,7,20260816,20260835
GNN,barents,20,rmse,0.0658553619255884,0.0434251629124338,0.0853543761945052,282,5000,7,20260816,20260836
GNN,barents,21,rmse,0.0681458468371958,0.0446767019264451,0.0874931732742254,282,5000,7,20260816,20260837
GNN,barents,22,rmse,0.0697804173288431,0.0465743179030914,0.0893910220340402,282,5000,7,20260816,20260838
GNN,barents,23,rmse,0.0716756259632474,0.0478477127147255,0.092322208465225,282,5000,7,20260816,20260839
GNN,barents,24,rmse,0.0734115372622596,0.0489249013995935,0.0947215914826441,282,5000,7,20260816,20260840
GNN,barents,25,rmse,0.0752927038573483,0.0510524380270965,0.0977365285697598,282,5000,7,20260816,20260841
GNN,barents,26,rmse,0.0770817614173953,0.0519840279838558,0.0996944575719589,282,5000,7,20260816,20260842
GNN,barents,27,rmse,0.0798058081008686,0.0545212854096358,0.1017487734241505,282,5000,7,20260816,20260843
GNN,barents,28,rmse,0.0820245857060779,0.0567753165551404,0.1049481538075611,282,5000,7,20260816,20260844
GNN,barents,29,rmse,0.0842177242349103,0.0587492732914865,0.1067067994483386,282,5000,7,20260816,20260845
GNN,barents,30,rmse,0.0864087061624483,0.0606501931955192,0.1090139674350683,282,5000,7,20260816,20260846
GNN,kara,1,rmse,0.024655757504941,0.018330310417053,0.0287745393848363,282,5000,7,20260816,20260817
GNN,kara,2,rmse,0.0373832926439349,0.0283499362137775,0.0431000302161031,282,5000,7,20260816,20260818
GNN,kara,3,rmse,0.0482839494253766,0.0370772542521524,0.055126007411594,282,5000,7,20260816,20260819
GNN,kara,4,rmse,0.0582959269623031,0.0450523490052075,0.06658122470673,282,5000,7,20260816,20260820
GNN,kara,5,rmse,0.0673558018828065,0.0514666127917871,0.0765252348839812,282,5000,7,20260816,20260821
GNN,kara,6,rmse,0.075871945300285,0.05912320379306,0.0861533086293368,282,5000,7,20260816,20260822
GNN,kara,7,rmse,0.0840364159909595,0.0652247222692671,0.0948158888381617,282,5000,7,20260816,20260823
GNN,kara,8,rmse,0.0908556023569959,0.0711469121024239,0.1011186142203035,282,5000,7,20260816,20260824
GNN,kara,9,rmse,0.0970880958645752,0.0772021640189141,0.1087047865544612,282,5000,7,20260816,20260825
GNN,kara,10,rmse,0.1023754278987704,0.0817103137314011,0.1141292297763073,282,5000,7,20260816,20260826
GNN,kara,11,rmse,0.1069477564536181,0.0867335226943317,0.1181146747446511,282,5000,7,20260816,20260827
GNN,kara,12,rmse,0.1124771809939737,0.0911278475607093,0.1243320147351976,282,5000,7,20260816,20260828
GNN,kara,13,rmse,0.1171544137117943,0.0961721965448528,0.1299353657250854,282,5000,7,20260816,20260829
GNN,kara,14,rmse,0.1221041456372581,0.0999333109784878,0.1340562330906804,282,5000,7,20260816,20260830
GNN,kara,15,rmse,0.1268524190537136,0.1044303880666078,0.1392680001667187,282,5000,7,20260816,20260831
GNN,kara,16,rmse,0.1308863184983226,0.1082767836869842,0.1434642480002657,282,5000,7,20260816,20260832
GNN,kara,17,rmse,0.1357114506128578,0.1126802491617446,0.1478375544331317,282,5000,7,20260816,20260833
GNN,kara,18,rmse,0.1397219058166058,0.1169799159240709,0.1523667520984375,282,5000,7,20260816,20260834
GNN,kara,19,rmse,0.1436428659158089,0.1200618855686599,0.1563679163991288,282,5000,7,20260816,20260835
GNN,kara,20,rmse,0.1474243663873704,0.1235104420484259,0.160079706382342,282,5000,7,20260816,20260836
GNN,kara,21,rmse,0.152026667082324,0.1273215196122008,0.1650347662031314,282,5000,7,20260816,20260837
GNN,kara,22,rmse,0.1552565649348883,0.130231899528636,0.1678309437004109,282,5000,7,20260816,20260838
GNN,kara,23,rmse,0.1592510698627655,0.1338071719908302,0.1725768821012673,282,5000,7,20260816,20260839
GNN,kara,24,rmse,0.1635524557622915,0.1369122798167305,0.1758379196213308,282,5000,7,20260816,20260840
GNN,kara,25,rmse,0.1677753846592729,0.1410903856515186,0.1806359166578655,282,5000,7,20260816,20260841
GNN,kara,26,rmse,0.1713084701832054,0.1437130680373353,0.1836501938399283,282,5000,7,20260816,20260842
GNN,kara,27,rmse,0.1765212574066114,0.1481445572575276,0.1889288463294504,282,5000,7,20260816,20260843
GNN,kara,28,rmse,0.1810065478403908,0.151103510651503,0.1938178094892268,282,5000,7,20260816,20260844
GNN,kara,29,rmse,0.1854336787039016,0.1544129050608811,0.1988881657802838,282,5000,7,20260816,20260845
GNN,kara,30,rmse,0.1892415450229312,0.156127997661764,0.2034596558648313,282,5000,7,20260816,20260846
GNN,laptev,1,rmse,0.0281870135624316,0.0228654944021627,0.0327779785648474,282,5000,7,20260816,20260817
GNN,laptev,2,rmse,0.0434489332916801,0.0349432676343773,0.0500372375946788,282,5000,7,20260816,20260818
GNN,laptev,3,rmse,0.0556419176850673,0.0449507744620892,0.0636845631347571,282,5000,7,20260816,20260819
GNN,laptev,4,rmse,0.0663072507047468,0.0534672444520789,0.0760136877422798,282,5000,7,20260816,20260820
GNN,laptev,5,rmse,0.0758439652416199,0.0609979491963211,0.0871426773895031,282,5000,7,20260816,20260821
GNN,laptev,6,rmse,0.0847572772320598,0.0674707068350518,0.097201900731478,282,5000,7,20260816,20260822
GNN,laptev,7,rmse,0.0933869750943045,0.0750955919659739,0.1073765152305429,282,5000,7,20260816,20260823
GNN,laptev,8,rmse,0.1011760564385827,0.0812417822951578,0.1159473777199713,282,5000,7,20260816,20260824
GNN,laptev,9,rmse,0.1085054567585315,0.0875519734174614,0.1239305287738979,282,5000,7,20260816,20260825
GNN,laptev,10,rmse,0.1153744359434091,0.0921734154201427,0.1317409000944666,282,5000,7,20260816,20260826
GNN,laptev,11,rmse,0.1217262153721897,0.0980355045316841,0.1393618994424771,282,5000,7,20260816,20260827
GNN,laptev,12,rmse,0.1283413805253195,0.1030610717832625,0.1466539104439312,282,5000,7,20260816,20260828
GNN,laptev,13,rmse,0.1346153349865304,0.1082214076566404,0.1552199697826152,282,5000,7,20260816,20260829
GNN,laptev,14,rmse,0.1406387674999925,0.1126164901080124,0.1630062789174508,282,5000,7,20260816,20260830
GNN,laptev,15,rmse,0.1467344106970396,0.1172710030574197,0.1712258051144798,282,5000,7,20260816,20260831
GNN,laptev,16,rmse,0.1529790695446379,0.1216514271147843,0.1777870414169958,282,5000,7,20260816,20260832
GNN,laptev,17,rmse,0.1594389820463031,0.1262427126190492,0.1861370684291874,282,5000,7,20260816,20260833
GNN,laptev,18,rmse,0.1657510470832522,0.1311371017816324,0.1931411170010972,282,5000,7,20260816,20260834
GNN,laptev,19,rmse,0.1722004082368279,0.13557960171611,0.199873249828561,282,5000,7,20260816,20260835
GNN,laptev,20,rmse,0.1780807845779143,0.1396855594860666,0.2045712141268095,282,5000,7,20260816,20260836
GNN,laptev,21,rmse,0.1840952201386655,0.1439802886787322,0.2120480604021645,282,5000,7,20260816,20260837
GNN,laptev,22,rmse,0.1897178919951846,0.1494795677223929,0.2168100393916313,282,5000,7,20260816,20260838
GNN,laptev,23,rmse,0.1959361761508967,0.1555580058548994,0.2217598274813812,282,5000,7,20260816,20260839
GNN,laptev,24,rmse,0.2019978900672328,0.160348488587418,0.2285129304729616,282,5000,7,20260816,20260840
GNN,laptev,25,rmse,0.2081136070466454,0.1656330618320542,0.2328377290965994,282,5000,7,20260816,20260841
GNN,laptev,26,rmse,0.2140628509522814,0.1709489818267645,0.2373157481803677,282,5000,7,20260816,20260842
GNN,laptev,27,rmse,0.2204837098570225,0.1763434445718631,0.2439585053973713,282,5000,7,20260816,20260843
GNN,laptev,28,rmse,0.2267473470915711,0.1818518821956478,0.2492170379148034,282,5000,7,20260816,20260844
GNN,laptev,29,rmse,0.2329882882415826,0.1882229598600983,0.2543521297898009,282,5000,7,20260816,20260845
GNN,laptev,30,rmse,0.2392397692027014,0.1928819466153189,0.260534676958282,282,5000,7,20260816,20260846
GNN,east_siberian,1,rmse,0.0299905006559223,0.0256252516742153,0.0338777234078265,282,5000,7,20260816,20260817
GNN,east_siberian,2,rmse,0.0466313316231813,0.0401531819171209,0.0521082873322737,282,5000,7,20260816,20260818
GNN,east_siberian,3,rmse,0.0606039044641338,0.0527320551706683,0.0677156437682441,282,5000,7,20260816,20260819
GNN,east_siberian,4,rmse,0.0730789595382589,0.06359364722217,0.0816348570562654,282,5000,7,20260816,20260820
GNN,east_siberian,5,rmse,0.0847331872029842,0.0741782684058328,0.0946218970075259,282,5000,7,20260816,20260821
GNN,east_siberian,6,rmse,0.0953352895811898,0.0836532134839738,0.1072735032561585,282,5000,7,20260816,20260822
GNN,east_siberian,7,rmse,0.1060484078976917,0.0936433569963973,0.1195419257118701,282,5000,7,20260816,20260823
GNN,east_siberian,8,rmse,0.1150651249475613,0.102034939919031,0.1295270725189897,282,5000,7,20260816,20260824
GNN,east_siberian,9,rmse,0.1244900046574997,0.1103297918553949,0.1396019527825472,282,5000,7,20260816,20260825
GNN,east_siberian,10,rmse,0.133393673172044,0.1175408643088316,0.1487451124969576,282,5000,7,20260816,20260826
GNN,east_siberian,11,rmse,0.1413303466528474,0.1251927346231693,0.1580862476619892,282,5000,7,20260816,20260827
GNN,east_siberian,12,rmse,0.1498812834434867,0.1320512671608281,0.165869737517147,282,5000,7,20260816,20260828
GNN,east_siberian,13,rmse,0.1574878666747669,0.1384730225962963,0.1744603215761348,282,5000,7,20260816,20260829
GNN,east_siberian,14,rmse,0.1666676437415563,0.1466399830151697,0.1840761765895558,282,5000,7,20260816,20260830
GNN,east_siberian,15,rmse,0.1744114457251038,0.1530149580694104,0.1925615299661628,282,5000,7,20260816,20260831
GNN,east_siberian,16,rmse,0.1812014052872988,0.1591473545770868,0.1985039417533986,282,5000,7,20260816,20260832
GNN,east_siberian,17,rmse,0.1889626545474934,0.1656903473242071,0.2071456743898503,282,5000,7,20260816,20260833
GNN,east_siberian,18,rmse,0.1957564741420156,0.1703923668704177,0.2134598510080088,282,5000,7,20260816,20260834
GNN,east_siberian,19,rmse,0.2027061498168533,0.1754885793814933,0.2202605702111077,282,5000,7,20260816,20260835
GNN,east_siberian,20,rmse,0.2095726926770729,0.1817011818350462,0.2267884809970782,282,5000,7,20260816,20260836
GNN,east_siberian,21,rmse,0.2170685560809036,0.1877433651820612,0.234535911295481,282,5000,7,20260816,20260837
GNN,east_siberian,22,rmse,0.2223978444545377,0.1926546532259977,0.2401364633755682,282,5000,7,20260816,20260838
GNN,east_siberian,23,rmse,0.2290471200336012,0.1985039002762262,0.2467966100638634,282,5000,7,20260816,20260839
GNN,east_siberian,24,rmse,0.2362878030192852,0.2041609068354738,0.2537087073327899,282,5000,7,20260816,20260840
GNN,east_siberian,25,rmse,0.2433460970434631,0.2096006749531782,0.2618123706174901,282,5000,7,20260816,20260841
GNN,east_siberian,26,rmse,0.2494168843296507,0.2143147108807878,0.2680876485963097,282,5000,7,20260816,20260842
GNN,east_siberian,27,rmse,0.2574293956889384,0.2208269716601943,0.2764901829285406,282,5000,7,20260816,20260843
GNN,east_siberian,28,rmse,0.265086604322288,0.2267969776299376,0.2843686992259234,282,5000,7,20260816,20260844
GNN,east_siberian,29,rmse,0.2727344522798339,0.2342302542606728,0.2917796240425431,282,5000,7,20260816,20260845
GNN,east_siberian,30,rmse,0.280029269563929,0.2398883610161593,0.3007103568695868,282,5000,7,20260816,20260846
GNN,chukchi,1,rmse,0.026167194407509,0.0221281076581663,0.0287677167215245,282,5000,7,20260816,20260817
GNN,chukchi,2,rmse,0.0407016928419184,0.0344136818374494,0.04457908333475,282,5000,7,20260816,20260818
GNN,chukchi,3,rmse,0.0533407936447249,0.0454910082659724,0.0582373751387316,282,5000,7,20260816,20260819
GNN,chukchi,4,rmse,0.0646010254401026,0.0555101143174992,0.0706287484123208,282,5000,7,20260816,20260820
GNN,chukchi,5,rmse,0.0756942003560677,0.065906606978397,0.0820176795426136,282,5000,7,20260816,20260821
GNN,chukchi,6,rmse,0.085688468933121,0.0752903662218829,0.093197955574366,282,5000,7,20260816,20260822
GNN,chukchi,7,rmse,0.0965067349380471,0.0853164684379654,0.1042927161218595,282,5000,7,20260816,20260823
GNN,chukchi,8,rmse,0.1055486450621696,0.0936242033503145,0.113566000402432,282,5000,7,20260816,20260824
GNN,chukchi,9,rmse,0.1140719571460259,0.1007424112172995,0.122605244176981,282,5000,7,20260816,20260825
GNN,chukchi,10,rmse,0.1220348490208807,0.1077950941879426,0.131194669559949,282,5000,7,20260816,20260826
GNN,chukchi,11,rmse,0.129054295549182,0.1135674220984194,0.1382549471951882,282,5000,7,20260816,20260827
GNN,chukchi,12,rmse,0.1372423724849372,0.1209264826450086,0.147302779114202,282,5000,7,20260816,20260828
GNN,chukchi,13,rmse,0.1438525593192622,0.1262658267287157,0.1545596388876289,282,5000,7,20260816,20260829
GNN,chukchi,14,rmse,0.1535542859982678,0.1347861984972361,0.1649134669411336,282,5000,7,20260816,20260830
GNN,chukchi,15,rmse,0.1608366267377914,0.1408949226055656,0.1730877179787625,282,5000,7,20260816,20260831
GNN,chukchi,16,rmse,0.166146713229743,0.144552036977285,0.1786417883553619,282,5000,7,20260816,20260832
GNN,chukchi,17,rmse,0.17297759481838,0.1508011372051276,0.1862890469162952,282,5000,7,20260816,20260833
GNN,chukchi,18,rmse,0.1779663799655123,0.1533419049860846,0.1910525774490446,282,5000,7,20260816,20260834
GNN,chukchi,19,rmse,0.1828186208098883,0.1569714601845802,0.1967663704850627,282,5000,7,20260816,20260835
GNN,chukchi,20,rmse,0.187938056457667,0.1617960840058225,0.2024137010564516,282,5000,7,20260816,20260836
GNN,chukchi,21,rmse,0.1939268048929757,0.165994628531751,0.2088165587537093,282,5000,7,20260816,20260837
GNN,chukchi,22,rmse,0.1966842681887573,0.1686643870247925,0.2126883921609531,282,5000,7,20260816,20260838
GNN,chukchi,23,rmse,0.2009177659944571,0.1728006171110752,0.2167836502294965,282,5000,7,20260816,20260839
GNN,chukchi,24,rmse,0.2052500640941155,0.1749986105687502,0.2210696789166775,282,5000,7,20260816,20260840
GNN,chukchi,25,rmse,0.2091018650674367,0.1781672088836431,0.2260170323417617,282,5000,7,20260816,20260841
GNN,chukchi,26,rmse,0.2115195211826273,0.1802896113224023,0.2277185279250168,282,5000,7,20260816,20260842
GNN,chukchi,27,rmse,0.216858844036641,0.1846756294971559,0.2331821488423978,282,5000,7,20260816,20260843
GNN,chukchi,28,rmse,0.221954188560761,0.1889947026480997,0.2380761069009329,282,5000,7,20260816,20260844
GNN,chukchi,29,rmse,0.2267399122319688,0.1945023452213744,0.2430735008110712,282,5000,7,20260816,20260845
GNN,chukchi,30,rmse,0.2305427709707586,0.1971031270501775,0.2469028026617723,282,5000,7,20260816,20260846
GNN,pan_arctic,1,r,0.9966213845618692,0.9962545070278224,0.9970366642291248,282,5000,7,20260816,20260817
GNN,pan_arctic,2,r,0.9927024800772126,0.9921228200754142,0.9934539160240984,282,5000,7,20260816,20260818
GNN,pan_arctic,3,r,0.988598227988408,0.98778112947575,0.989632548145312,282,5000,7,20260816,20260819
GNN,pan_arctic,4,r,0.9844660187254256,0.9833849328130462,0.9857846609090726,282,5000,7,20260816,20260820
GNN,pan_arctic,5,r,0.980274608355496,0.9789467580270556,0.9818672072752748,282,5000,7,20260816,20260821
GNN,pan_arctic,6,r,0.9758314155450626,0.9741488338850476,0.977747132507366,282,5000,7,20260816,20260822
GNN,pan_arctic,7,r,0.9711033482835352,0.9690536052772458,0.973449357223824,282,5000,7,20260816,20260823
GNN,pan_arctic,8,r,0.9663979196161668,0.9640479261641096,0.9692049409639232,282,5000,7,20260816,20260824
GNN,pan_arctic,9,r,0.9617433325812624,0.9590790251120056,0.965098752784005,282,5000,7,20260816,20260825
GNN,pan_arctic,10,r,0.9572898160505257,0.9544714840657152,0.9613355414256562,282,5000,7,20260816,20260826
GNN,pan_arctic,11,r,0.9527428889284644,0.9494920614166322,0.9571808447133558,282,5000,7,20260816,20260827
GNN,pan_arctic,12,r,0.9478844571577204,0.9442027927787532,0.9529914593771904,282,5000,7,20260816,20260828
GNN,pan_arctic,13,r,0.943378715369311,0.9389821874617946,0.9488890168663968,282,5000,7,20260816,20260829
GNN,pan_arctic,14,r,0.9381403265292482,0.9334288525874176,0.9442763962459214,282,5000,7,20260816,20260830
GNN,pan_arctic,15,r,0.9331128446433264,0.9278968627701882,0.9398316851556568,282,5000,7,20260816,20260831
GNN,pan_arctic,16,r,0.9286218426583168,0.9231315419366264,0.9358525654389276,282,5000,7,20260816,20260832
GNN,pan_arctic,17,r,0.9232699168663518,0.9175821953667896,0.9309648370350035,282,5000,7,20260816,20260833
GNN,pan_arctic,18,r,0.9184283983495316,0.9124891386620572,0.9270084511030644,282,5000,7,20260816,20260834
GNN,pan_arctic,19,r,0.9134350112034584,0.9071154306328536,0.9226446210168446,282,5000,7,20260816,20260835
GNN,pan_arctic,20,r,0.9085206119810496,0.9019472565921488,0.9185173124419872,282,5000,7,20260816,20260836
GNN,pan_arctic,21,r,0.9029633045367096,0.8963542055238032,0.9133641103670608,282,5000,7,20260816,20260837
GNN,pan_arctic,22,r,0.8982332402514281,0.8914940955468188,0.909559629319182,282,5000,7,20260816,20260838
GNN,pan_arctic,23,r,0.8929141323981582,0.8858951617284695,0.904527111413092,282,5000,7,20260816,20260839
GNN,pan_arctic,24,r,0.8879369689927884,0.8806418673488344,0.9006710763333435,282,5000,7,20260816,20260840
GNN,pan_arctic,25,r,0.8828536400344387,0.8753892262638125,0.8961303189761944,282,5000,7,20260816,20260841
GNN,pan_arctic,26,r,0.8780347348065732,0.8705380546019091,0.891895894970259,282,5000,7,20260816,20260842
GNN,pan_arctic,27,r,0.872505022876168,0.8648151191242981,0.8870398621105462,282,5000,7,20260816,20260843
GNN,pan_arctic,28,r,0.8669160948392058,0.8589949509008715,0.8817118281742563,282,5000,7,20260816,20260844
GNN,pan_arctic,29,r,0.8616338670838964,0.8540106884910139,0.8766475907937836,282,5000,7,20260816,20260845
GNN,pan_arctic,30,r,0.8564169124991857,0.8485034361103458,0.8719784529768824,282,5000,7,20260816,20260846
GNN,combined_nsr,1,r,0.9950686857147332,0.9946202813652968,0.9956152886252004,282,5000,7,20260816,20260817
GNN,combined_nsr,2,r,0.9884933349212311,0.9875589565955204,0.9895637694728378,282,5000,7,20260816,20260818
GNN,combined_nsr,3,r,0.9808430574602996,0.9792467454217508,0.9825086873508428,282,5000,7,20260816,20260819
GNN,combined_nsr,4,r,0.9728892861785344,0.9705343558871008,0.9753624716351652,282,5000,7,20260816,20260820
GNN,combined_nsr,5,r,0.964392027654282,0.9612144674415888,0.967551214529019,282,5000,7,20260816,20260821
GNN,combined_nsr,6,r,0.9556243436911755,0.9518743015096583,0.9598463894931708,282,5000,7,20260816,20260822
GNN,combined_nsr,7,r,0.946107496749733,0.9416619946657392,0.9510360400920234,282,5000,7,20260816,20260823
GNN,combined_nsr,8,r,0.9367248728849628,0.9322045074178168,0.9424843365345928,282,5000,7,20260816,20260824
GNN,combined_nsr,9,r,0.9275774056644094,0.9225967197663536,0.9339735990773796,282,5000,7,20260816,20260825
GNN,combined_nsr,10,r,0.919097303895272,0.913717294931684,0.9260049504138536,282,5000,7,20260816,20260826
GNN,combined_nsr,11,r,0.9101809740656,0.9038197175123676,0.9174803299790169,282,5000,7,20260816,20260827
GNN,combined_nsr,12,r,0.9014181648560752,0.8944221215843015,0.9090363682025664,282,5000,7,20260816,20260828
GNN,combined_nsr,13,r,0.8931251231496523,0.8854442340604346,0.9012375756707436,282,5000,7,20260816,20260829
GNN,combined_nsr,14,r,0.8824935468156185,0.8737587994692068,0.8911498158451794,282,5000,7,20260816,20260830
GNN,combined_nsr,15,r,0.8730274052862144,0.8625413896815104,0.8825309599805697,282,5000,7,20260816,20260831
GNN,combined_nsr,16,r,0.8647989171189374,0.853633346595323,0.8748187243089025,282,5000,7,20260816,20260832
GNN,combined_nsr,17,r,0.8550243750047594,0.8430498414049495,0.8657885648689909,282,5000,7,20260816,20260833
GNN,combined_nsr,18,r,0.8466455591009416,0.83417651269084,0.8583473125229809,282,5000,7,20260816,20260834
GNN,combined_nsr,19,r,0.8375359479003825,0.824290769409179,0.8505028892622133,282,5000,7,20260816,20260835
GNN,combined_nsr,20,r,0.8286168341784155,0.8154055994283509,0.8423045596908053,282,5000,7,20260816,20260836
GNN,combined_nsr,21,r,0.8181009104996259,0.804296218677438,0.8336839028135151,282,5000,7,20260816,20260837
GNN,combined_nsr,22,r,0.8097950378135241,0.7965215959398667,0.8258933456577856,282,5000,7,20260816,20260838
GNN,combined_nsr,23,r,0.8003580461701209,0.7870774335820682,0.8176199298464811,282,5000,7,20260816,20260839
GNN,combined_nsr,24,r,0.7920590477351148,0.7791587983830777,0.8104835846578917,282,5000,7,20260816,20260840
GNN,combined_nsr,25,r,0.7837023932427478,0.7707938239148936,0.8034200327143208,282,5000,7,20260816,20260841
GNN,combined_nsr,26,r,0.7756061852857217,0.7622057925183585,0.796408135920394,282,5000,7,20260816,20260842
GNN,combined_nsr,27,r,0.7660609087088642,0.7519137651617692,0.7875072535689288,282,5000,7,20260816,20260843
GNN,combined_nsr,28,r,0.756545867528432,0.7419727603474474,0.7778107500890469,282,5000,7,20260816,20260844
GNN,combined_nsr,29,r,0.7483464582983005,0.7338453302990589,0.769701017795026,282,5000,7,20260816,20260845
GNN,combined_nsr,30,r,0.7395236371902497,0.7242392416489334,0.760791779378131,282,5000,7,20260816,20260846
GNN,barents,1,r,0.976698948937176,0.9581346801934154,0.9961192579855636,282,5000,7,20260816,20260817
GNN,barents,2,r,0.9609300795641827,0.93509695760446,0.9921431630441094,282,5000,7,20260816,20260818
GNN,barents,3,r,0.9410792448359052,0.9017492912921878,0.986838879621251,282,5000,7,20260816,20260819
GNN,barents,4,r,0.9222206676775432,0.8740364344536921,0.9820560497215092,282,5000,7,20260816,20260820
GNN,barents,5,r,0.899191198234841,0.8370154293260441,0.9766423333221828,282,5000,7,20260816,20260821
GNN,barents,6,r,0.8808232623787902,0.8097689235488744,0.9715428221026304,282,5000,7,20260816,20260822
GNN,barents,7,r,0.8587268520651252,0.7737698809936926,0.9659640792405816,282,5000,7,20260816,20260823
GNN,barents,8,r,0.8393934382816582,0.7435581461425506,0.9593345874154766,282,5000,7,20260816,20260824
GNN,barents,9,r,0.8242381664684643,0.7250558358469218,0.95475044136438,282,5000,7,20260816,20260825
GNN,barents,10,r,0.8105814277245817,0.7032738534670708,0.949145548996465,282,5000,7,20260816,20260826
GNN,barents,11,r,0.7954328724958254,0.683462213486357,0.9442330416462564,282,5000,7,20260816,20260827
GNN,barents,12,r,0.7793449667143556,0.6553466722851172,0.9349411269902074,282,5000,7,20260816,20260828
GNN,barents,13,r,0.7663673113827613,0.638040244686284,0.9300419180427354,282,5000,7,20260816,20260829
GNN,barents,14,r,0.7476906494028084,0.6114710336498007,0.9252114709900652,282,5000,7,20260816,20260830
GNN,barents,15,r,0.7310907851522164,0.5888513861142336,0.9184470964506702,282,5000,7,20260816,20260831
GNN,barents,16,r,0.7200880767004413,0.5750072617597601,0.9128576264895514,282,5000,7,20260816,20260832
GNN,barents,17,r,0.7038259662863474,0.5476699316669305,0.9094969682085404,282,5000,7,20260816,20260833
GNN,barents,18,r,0.6929643002367317,0.5316840505098759,0.9050379085045144,282,5000,7,20260816,20260834
GNN,barents,19,r,0.6826075948932698,0.5183953703977395,0.8964088038299007,282,5000,7,20260816,20260835
GNN,barents,20,r,0.6707464294264578,0.5010061233131312,0.8930805277086069,282,5000,7,20260816,20260836
GNN,barents,21,r,0.6566388637378928,0.4794871737797976,0.8828243326922832,282,5000,7,20260816,20260837
GNN,barents,22,r,0.6458011990980007,0.4642351617537618,0.881613952073684,282,5000,7,20260816,20260838
GNN,barents,23,r,0.6351526577858888,0.4523330338816947,0.8756688323605135,282,5000,7,20260816,20260839
GNN,barents,24,r,0.6277315648946667,0.4422138175109539,0.8711910735751652,282,5000,7,20260816,20260840
GNN,barents,25,r,0.6163638247037616,0.42198413007546,0.8674373190541713,282,5000,7,20260816,20260841
GNN,barents,26,r,0.6057455525215195,0.4085573152279584,0.8616160922344788,282,5000,7,20260816,20260842
GNN,barents,27,r,0.5948761508464294,0.3942833950555571,0.8558494409928633,282,5000,7,20260816,20260843
GNN,barents,28,r,0.5834448019042222,0.3760425889048721,0.8503199329630703,282,5000,7,20260816,20260844
GNN,barents,29,r,0.573442044158247,0.3638322586875728,0.8430025805967986,282,5000,7,20260816,20260845
GNN,barents,30,r,0.5639763991869333,0.3490602484437548,0.840026096292736,282,5000,7,20260816,20260846
GNN,kara,1,r,0.9918408356781784,0.9896610500025024,0.9950824306449604,282,5000,7,20260816,20260817
GNN,kara,2,r,0.9826696034899168,0.9775583613663646,0.990266094418996,282,5000,7,20260816,20260818
GNN,kara,3,r,0.9716512039398608,0.96249912548827,0.9844068174274164,282,5000,7,20260816,20260819
GNN,kara,4,r,0.9601162405729978,0.9470198013533216,0.9785672306411554,282,5000,7,20260816,20260820
GNN,kara,5,r,0.947847021460393,0.9290398766401996,0.9726625281001308,282,5000,7,20260816,20260821
GNN,kara,6,r,0.9347301667613366,0.9103356859589444,0.9667702698910168,282,5000,7,20260816,20260822
GNN,kara,7,r,0.91919557748642,0.8883941483691408,0.9604748930792604,282,5000,7,20260816,20260823
GNN,kara,8,r,0.9043479761657572,0.867372508699606,0.9539627204840792,282,5000,7,20260816,20260824
GNN,kara,9,r,0.889149548350937,0.8434429893629724,0.9485719818011278,282,5000,7,20260816,20260825
GNN,kara,10,r,0.875717683826046,0.8244892787949796,0.942528170602398,282,5000,7,20260816,20260826
GNN,kara,11,r,0.8613410202252472,0.8005828048971737,0.9371516864756202,282,5000,7,20260816,20260827
GNN,kara,12,r,0.8478346285400173,0.7727314879265372,0.9282519899557105,282,5000,7,20260816,20260828
GNN,kara,13,r,0.8350328664195695,0.7477483339615074,0.9236811809702632,282,5000,7,20260816,20260829
GNN,kara,14,r,0.8211166663713101,0.7226758716087056,0.918440741394973,282,5000,7,20260816,20260830
GNN,kara,15,r,0.8075298984059367,0.7013171464412695,0.9130681553268944,282,5000,7,20260816,20260831
GNN,kara,16,r,0.79574268195566,0.680970048250655,0.9061831018821052,282,5000,7,20260816,20260832
GNN,kara,17,r,0.7817037817838856,0.6523506802497516,0.9011322000562404,282,5000,7,20260816,20260833
GNN,kara,18,r,0.7701498961991274,0.6334716965407895,0.895528213867417,282,5000,7,20260816,20260834
GNN,kara,19,r,0.7582331653717359,0.6102500130773715,0.8873430413974908,282,5000,7,20260816,20260835
GNN,kara,20,r,0.746722343595057,0.5990343128994489,0.884133013234337,282,5000,7,20260816,20260836
GNN,kara,21,r,0.7327200630580404,0.5724676045004797,0.8734872309955336,282,5000,7,20260816,20260837
GNN,kara,22,r,0.721139914396588,0.5587490402957607,0.8704427763955975,282,5000,7,20260816,20260838
GNN,kara,23,r,0.708441768948792,0.5481907976099636,0.8613720837840095,282,5000,7,20260816,20260839
GNN,kara,24,r,0.6960189165013648,0.5291876893778418,0.8573624851425764,282,5000,7,20260816,20260840
GNN,kara,25,r,0.6840948837728542,0.5169324532337056,0.8518632905104467,282,5000,7,20260816,20260841
GNN,kara,26,r,0.6727654103281151,0.5065673029966837,0.8461938631937949,282,5000,7,20260816,20260842
GNN,kara,27,r,0.6601191786189783,0.4917266298999765,0.8381734995551894,282,5000,7,20260816,20260843
GNN,kara,28,r,0.6488033839230666,0.4892618982896561,0.8315649592202815,282,5000,7,20260816,20260844
GNN,kara,29,r,0.6384502265447993,0.4759534990190694,0.8233115241829206,282,5000,7,20260816,20260845
GNN,kara,30,r,0.6279045054854603,0.4662904715392459,0.8170242396144232,282,5000,7,20260816,20260846
GNN,laptev,1,r,0.9957676826626564,0.9944020848702386,0.9970760472021172,282,5000,7,20260816,20260817
GNN,laptev,2,r,0.990626129164834,0.9880674562620444,0.9935285906481344,282,5000,7,20260816,20260818
GNN,laptev,3,r,0.9851898071357702,0.9816159783840354,0.989462044196466,282,5000,7,20260816,20260819
GNN,laptev,4,r,0.9794827959302428,0.974600943733657,0.9852879725666708,282,5000,7,20260816,20260820
GNN,laptev,5,r,0.9737142206247512,0.9677096396632764,0.9811438535798264,282,5000,7,20260816,20260821
GNN,laptev,6,r,0.9675368224459324,0.9600549543627426,0.9770235407084236,282,5000,7,20260816,20260822
GNN,laptev,7,r,0.961252314038592,0.9522276357005626,0.9719127893897256,282,5000,7,20260816,20260823
GNN,laptev,8,r,0.9549543115393316,0.94482549827231,0.96738002603595,282,5000,7,20260816,20260824
GNN,laptev,9,r,0.9489382692032428,0.9375409091057264,0.962593721518438,282,5000,7,20260816,20260825
GNN,laptev,10,r,0.9429132562950904,0.9295279202203852,0.9588573929354268,282,5000,7,20260816,20260826
GNN,laptev,11,r,0.9369945254417392,0.9210365439085038,0.9545238912176116,282,5000,7,20260816,20260827
GNN,laptev,12,r,0.93082741686956,0.9131753922724544,0.9499374571123154,282,5000,7,20260816,20260828
GNN,laptev,13,r,0.924873673708758,0.9040729501865156,0.9456414440035128,282,5000,7,20260816,20260829
GNN,laptev,14,r,0.91896305108777,0.8961857977697862,0.9416905115846788,282,5000,7,20260816,20260830
GNN,laptev,15,r,0.9128563692218364,0.8874421084902878,0.9378642301671491,282,5000,7,20260816,20260831
GNN,laptev,16,r,0.9062605577162112,0.8786295432387587,0.9335525312789188,282,5000,7,20260816,20260832
GNN,laptev,17,r,0.8989576311284386,0.8673993978783163,0.9291651989796016,282,5000,7,20260816,20260833
GNN,laptev,18,r,0.8920021576710143,0.8592914453796467,0.9249052683723812,282,5000,7,20260816,20260834
GNN,laptev,19,r,0.8845735701137669,0.8485174963278879,0.9202963215449248,282,5000,7,20260816,20260835
GNN,laptev,20,r,0.8774203643772869,0.8399838984263348,0.9156430109755028,282,5000,7,20260816,20260836
GNN,laptev,21,r,0.8697476251093228,0.8303774285310708,0.9122916933353136,282,5000,7,20260816,20260837
GNN,laptev,22,r,0.8623135478440487,0.8215042007984736,0.9070265736228104,282,5000,7,20260816,20260838
GNN,laptev,23,r,0.8538624580085191,0.8123003617085611,0.9021907709087928,282,5000,7,20260816,20260839
GNN,laptev,24,r,0.8462307521859868,0.8023364757581826,0.8974198758068991,282,5000,7,20260816,20260840
GNN,laptev,25,r,0.8381016133649543,0.793938334379381,0.8920575952887752,282,5000,7,20260816,20260841
GNN,laptev,26,r,0.8300152160975733,0.7840453043995,0.8861099984107229,282,5000,7,20260816,20260842
GNN,laptev,27,r,0.8217550380109142,0.7747896650717061,0.8797763139186932,282,5000,7,20260816,20260843
GNN,laptev,28,r,0.8129666438253779,0.7642355772404607,0.87422576602195,282,5000,7,20260816,20260844
GNN,laptev,29,r,0.8040350201963539,0.7550020956291078,0.8671513754433927,282,5000,7,20260816,20260845
GNN,laptev,30,r,0.7929746298087849,0.746591308651704,0.8606892857631123,282,5000,7,20260816,20260846
GNN,east_siberian,1,r,0.9908219614763704,0.9871279896227017,0.9948661345941384,282,5000,7,20260816,20260817
GNN,east_siberian,2,r,0.9790069653568582,0.9691953498300752,0.9880929662625464,282,5000,7,20260816,20260818
GNN,east_siberian,3,r,0.9659609043679374,0.9495572160930864,0.980536123734606,282,5000,7,20260816,20260819
GNN,east_siberian,4,r,0.9533546599788,0.929928114605999,0.9731460703070804,282,5000,7,20260816,20260820
GNN,east_siberian,5,r,0.9403210578353004,0.9072894061694112,0.9655799829462536,282,5000,7,20260816,20260821
GNN,east_siberian,6,r,0.9274961111559954,0.8861572234726741,0.9577466594613908,282,5000,7,20260816,20260822
GNN,east_siberian,7,r,0.9134937599405024,0.8638149772505701,0.9486088289033466,282,5000,7,20260816,20260823
GNN,east_siberian,8,r,0.9002687482693282,0.8425328157643589,0.9397824305585292,282,5000,7,20260816,20260824
GNN,east_siberian,9,r,0.8868593059903835,0.8212973820532374,0.9304386101263562,282,5000,7,20260816,20260825
GNN,east_siberian,10,r,0.8751088053407281,0.8045962890909497,0.923123676407604,282,5000,7,20260816,20260826
GNN,east_siberian,11,r,0.863019672953273,0.7866089809725587,0.9135604538119078,282,5000,7,20260816,20260827
GNN,east_siberian,12,r,0.8528189767648557,0.7782627587301871,0.9062428427598151,282,5000,7,20260816,20260828
GNN,east_siberian,13,r,0.842520960474146,0.7626067797174092,0.8978244558950021,282,5000,7,20260816,20260829
GNN,east_siberian,14,r,0.8289269394051948,0.7406487970893378,0.8871747214657973,282,5000,7,20260816,20260830
GNN,east_siberian,15,r,0.8174281688330525,0.7191398863906772,0.878421960709508,282,5000,7,20260816,20260831
GNN,east_siberian,16,r,0.8073428544860899,0.7117794624688627,0.8707784464138165,282,5000,7,20260816,20260832
GNN,east_siberian,17,r,0.7952042893602386,0.688276395261008,0.8601286782705913,282,5000,7,20260816,20260833
GNN,east_siberian,18,r,0.7852979301348013,0.6799673445581336,0.8543293407238957,282,5000,7,20260816,20260834
GNN,east_siberian,19,r,0.7731360780643315,0.6722113542759052,0.8442199552717105,282,5000,7,20260816,20260835
GNN,east_siberian,20,r,0.7618754795282179,0.6548208546481222,0.8358451531755018,282,5000,7,20260816,20260836
GNN,east_siberian,21,r,0.7476761856882594,0.6419840087912978,0.8249999755895416,282,5000,7,20260816,20260837
GNN,east_siberian,22,r,0.7380933713331299,0.6294337064040106,0.8171010664469053,282,5000,7,20260816,20260838
GNN,east_siberian,23,r,0.7252208717196091,0.6118084211674502,0.8047750605920744,282,5000,7,20260816,20260839
GNN,east_siberian,24,r,0.7139700411293167,0.5977356738275789,0.7964750540011463,282,5000,7,20260816,20260840
GNN,east_siberian,25,r,0.7013469726608256,0.5845516721584693,0.7862464285870606,282,5000,7,20260816,20260841
GNN,east_siberian,26,r,0.6894744743427844,0.5738039353598164,0.7762437554819974,282,5000,7,20260816,20260842
GNN,east_siberian,27,r,0.6749943498325979,0.5589458848533659,0.7630836880258637,282,5000,7,20260816,20260843
GNN,east_siberian,28,r,0.6603542429259691,0.5373777793140185,0.7526504487568358,282,5000,7,20260816,20260844
GNN,east_siberian,29,r,0.6482764455128734,0.5314954605680291,0.7403586567425815,282,5000,7,20260816,20260845
GNN,east_siberian,30,r,0.6327873863154806,0.5088929834873003,0.727654263206775,282,5000,7,20260816,20260846
GNN,chukchi,1,r,0.985484888299272,0.9734525095520538,0.9923874752641544,282,5000,7,20260816,20260817
GNN,chukchi,2,r,0.968801219267832,0.9462398976687164,0.9821455593980748,282,5000,7,20260816,20260818
GNN,chukchi,3,r,0.9502741553751834,0.9168145705728727,0.9704947657373107,282,5000,7,20260816,20260819
GNN,chukchi,4,r,0.9353260689299366,0.8950743248850184,0.959213948121554,282,5000,7,20260816,20260820
GNN,chukchi,5,r,0.9173759749894124,0.8711430000927088,0.9446474327921353,282,5000,7,20260816,20260821
GNN,chukchi,6,r,0.9018955581501762,0.8493036862886588,0.9340325204354304,282,5000,7,20260816,20260822
GNN,chukchi,7,r,0.8827848716776665,0.8233078753175241,0.917949421693449,282,5000,7,20260816,20260823
GNN,chukchi,8,r,0.8677537093477994,0.8077774362857312,0.9030710202715286,282,5000,7,20260816,20260824
GNN,chukchi,9,r,0.8512626173047382,0.7866110392390062,0.8895682055506358,282,5000,7,20260816,20260825
GNN,chukchi,10,r,0.8382519872665133,0.7726688210139552,0.877077940792137,282,5000,7,20260816,20260826
GNN,chukchi,11,r,0.8244804344594298,0.7599407360430003,0.8632323625036521,282,5000,7,20260816,20260827
GNN,chukchi,12,r,0.8132001386585278,0.7492625290204006,0.8517590670931416,282,5000,7,20260816,20260828
GNN,chukchi,13,r,0.8015317854061778,0.735678850331414,0.8403832352247504,282,5000,7,20260816,20260829
GNN,chukchi,14,r,0.7831322659199609,0.7153060853165787,0.822100179163368,282,5000,7,20260816,20260830
GNN,chukchi,15,r,0.7696808694230312,0.6996536694160931,0.8079235572597667,282,5000,7,20260816,20260831
GNN,chukchi,16,r,0.7585206216263358,0.6884506561856035,0.7977498244623729,282,5000,7,20260816,20260832
GNN,chukchi,17,r,0.7456192964224946,0.6718526811457718,0.7864697709419264,282,5000,7,20260816,20260833
GNN,chukchi,18,r,0.7365616827966565,0.6658608661428439,0.7771957100597411,282,5000,7,20260816,20260834
GNN,chukchi,19,r,0.7258334185266009,0.6582775641346409,0.7663700286341424,282,5000,7,20260816,20260835
GNN,chukchi,20,r,0.7152821407388953,0.646428894372836,0.7577712160415,282,5000,7,20260816,20260836
GNN,chukchi,21,r,0.7016212935283552,0.6344938438800529,0.7458263943372748,282,5000,7,20260816,20260837
GNN,chukchi,22,r,0.6938595164712855,0.6242718399085788,0.7384157634429682,282,5000,7,20260816,20260838
GNN,chukchi,23,r,0.6839946007682834,0.6147116519349936,0.7294257596963594,282,5000,7,20260816,20260839
GNN,chukchi,24,r,0.6762280443135212,0.6068744186635207,0.7214584331436785,282,5000,7,20260816,20260840
GNN,chukchi,25,r,0.6696887133810302,0.6006395661722955,0.7177306462217473,282,5000,7,20260816,20260841
GNN,chukchi,26,r,0.6631156030608589,0.5930466804565512,0.7104914483500658,282,5000,7,20260816,20260842
GNN,chukchi,27,r,0.6533479364492698,0.5800075949751946,0.7038077563882551,282,5000,7,20260816,20260843
GNN,chukchi,28,r,0.6437078974082553,0.569262895987452,0.694802577153315,282,5000,7,20260816,20260844
GNN,chukchi,29,r,0.6364903018788483,0.5648837369803358,0.6897740726006992,282,5000,7,20260816,20260845
GNN,chukchi,30,r,0.6270781603001422,0.549288150295764,0.6831677578547154,282,5000,7,20260816,20260846
